ArticleID,Image
00324518,https://www.ikea.com/pt/pt/images/products/kallax-estante-ef-carvalho-c-velatura-branca__0459250_pe606049_s5.jpg
39285808,https://www.ikea.com/pt/pt/images/products/eket-estante-de-parede-branco__1212317_pe910594_s5.jpg
89275091,https://www.ikea.com/my/en/images/products/havsta-shelving-unit-with-plinth-white__0820440_pe732410_s5.jpg
60333954,https://www.ikea.com/qa/en/images/products/eket-cabinet-with-4-compartments-white__0473436_pe614568_s5.jpg
50339292,https://www.ikea.com/qa/en/images/products/fjaellbo-shelving-unit-black__1071961_pe855055_s5.jpg
40510863,https://www.ikea.com/au/en/images/products/eket-cabinet-pale-pink__1212329_pe910602_s5.jpg
10221685,https://www.ikea.com/qa/en/images/products/fjaelkinge-drawer-unit-with-2-drawers-white__0194024_pe359394_s5.jpg
19386101,https://www.ikea.com/pt/pt/images/products/eket-combinacao-armario-c-pernas-cinz-esc-madeira__0915197_pe784640_s5.jpg
40303439,https://www.ikea.com/nl/nl/images/products/vittsjo-stellingkast-wit-glas__0625605_pe692391_s5.jpg
40415601,https://www.ikea.com/mx/es/images/products/kallax-estante-negro-cafe__0616123_pe687691_s5.jpg
89221055,https://www.ikea.com/qa/en/images/products/eket-cabinet-combination-with-feet-white__0517945_pe640847_s5.jpg
89386107,https://www.ikea.com/qa/en/images/products/eket-cabinet-combination-with-legs-white-wood__0915206_pe784648_s5.jpg
20423720,https://www.ikea.com/pt/pt/images/products/kallax-acessorio-c-1-prateleira-branco__0627487_pe693406_s5.jpg
20510864,https://www.ikea.com/au/en/images/products/eket-cabinet-pale-pink__1016135_pe830231_s5.jpg
10538849,https://www.ikea.com/pt/pt/images/products/jaettesta-estante-branco-bambu-claro__1154338_pe885997_s5.jpg
40334558,https://www.ikea.com/qa/en/images/products/eket-cabinet-dark-grey__0625407_pe692252_s5.jpg
59481653,https://www.ikea.com/qa/en/images/products/kallax-lagkapten-desk-combination-white__1090548_pe862085_s5.jpg
60278170,https://www.ikea.com/qa/en/images/products/kallax-insert-with-door-black-brown__0624220_pe691690_s5.jpg
80334603,https://www.ikea.com/qa/en/images/products/eket-cabinet-white__1212327_pe910600_s5.jpg
49442676,https://www.ikea.com/qa/en/images/products/kallax-shelving-unit-with-underframe-white-white__1041422_pe841007_s5.jpg
89285820,https://www.ikea.com/qa/en/images/products/eket-wall-mounted-shelving-unit-w-4-comp-white__0473436_pe614568_s5.jpg
19189030,https://www.ikea.com/pt/pt/images/products/eket-combinacao-armario-parede-branco__0625896_pe692503_s5.jpg
30275861,https://www.ikea.com/pt/pt/images/products/kallax-estante-branco__0644546_pe702768_s5.jpg
90495596,https://www.ikea.com/pt/pt/images/products/kallax-estrutura-inferior-branco__1028811_pe835540_s5.jpg
20473593,https://www.ikea.com/pt/pt/images/products/fjaellbo-estante-preto__0795065_pe765849_s5.jpg
70309840,https://www.ikea.com/pt/pt/images/products/kallax-estante-preto-castanho__0156456_pe315500_s5.jpg
00415599,https://www.ikea.com/au/en/images/products/kallax-shelving-unit-white__0616125_pe687693_s5.jpg
40415192,https://www.ikea.com/no/no/images/products/havsta-hylle-med-sokkel-gra__0720197_pe732473_s5.jpg
50305739,https://www.ikea.com/qa/en/images/products/kallax-shelving-unit-high-gloss-white__0644755_pe702941_s5.jpg
29197572,https://www.ikea.com/pt/pt/images/products/kallax-estante-c-4-acessorios-ef-carvalho-c-velatura-branca__0480295_pe618865_s5.jpg
99294560,https://www.ikea.com/pt/pt/images/products/vittsjoe-combinacao-movel-tv-preto-castanho-vidro__0754529_pe747950_s5.jpg
20213312,https://www.ikea.com/pt/pt/images/products/vittsjoe-estante-pret-cast-vidro__0644373_pe702638_s5.jpg
19442654,https://www.ikea.com/pt/pt/images/products/kallax-estante-c-estrutura-inferior-ef-carvalho-c-velatura-branca-preto__1041403_pe840989_s5.jpg
90510865,https://www.ikea.com/pt/pt/images/products/eket-armario-verm-acastanhado__1042807_pe841584_s5.jpg
19490273,https://www.ikea.com/pt/pt/images/products/eket-estante-de-parede-efeito-nogueira__1132779_pe878298_s5.jpg
09442664,https://www.ikea.com/qa/en/images/products/kallax-shelving-unit-with-underframe-black-brown-white__1041448_pe841024_s5.jpg
89398718,https://www.ikea.com/qa/en/images/products/kallax-lack-storage-combination-with-shelf-black-brown__0943522_pe796963_s5.jpg
99017186,https://www.ikea.com/pt/pt/images/products/kallax-estante-c-portas-branco__0645237_pe703346_s5.jpg
89442721,https://www.ikea.com/pt/pt/images/products/kallax-estante-c-estrutura-inferior-ef-carvalho-c-velatura-branca-branco__1041470_pe841050_s5.jpg
40311873,https://www.ikea.com/qa/en/images/products/kallax-shelving-unit-black-brown__0428511_pe583601_s5.jpg
70391038,https://www.ikea.com/qa/en/images/products/havsta-shelving-unit-with-plinth-dark-brown__0820407_pe732472_s5.jpg
60324520,https://www.ikea.com/pt/pt/images/products/kallax-estante-ef-carvalho-c-velatura-branca__0459252_pe606050_s5.jpg
79442665,https://www.ikea.com/qa/en/images/products/kallax-shelving-unit-with-underframe-white-black__1041444_pe841026_s5.jpg
09442640,https://www.ikea.com/qa/en/images/products/kallax-shelving-unit-with-underframe-white-black__1041389_pe840967_s5.jpg
10324513,https://www.ikea.com/pt/pt/images/products/kallax-estante-ef-carvalho-c-velatura-branca__0459244_pe606045_s5.jpg
80428852,https://www.ikea.com/qa/en/images/products/eket-cabinet-white-stained-oak-effect__1212326_pe910599_s5.jpg
40324516,https://www.ikea.com/pt/pt/images/products/kallax-estante-ef-carvalho-c-velatura-branca__0459248_pe606048_s5.jpg
49294529,https://www.ikea.com/nl/nl/images/products/vittsjo-opbergcombinatie-wit-glas__0754458_pe747921_s5.jpg
49442718,https://www.ikea.com/pt/pt/images/products/kallax-estante-c-estrutura-inferior-ef-carvalho-c-velatura-branca-preto__1081672_pe858430_s5.jpg
29294554,https://www.ikea.com/pt/pt/images/products/vittsjoe-combinacao-de-arrumacao-preto-castanho-vidro__0754495_pe747946_s5.jpg
39329384,https://www.ikea.com/pt/pt/images/products/eket-arm-parede-c-2-gavetas-cinz-esc__0783757_pe761567_s5.jpg
59189127,https://www.ikea.com/qa/en/images/products/eket-wall-mounted-cabinet-combination-dark-grey__0625898_pe692505_s5.jpg
30495599,https://www.ikea.com/pt/pt/images/products/kallax-estrutura-inferior-preto__1028810_pe835542_s5.jpg
29481701,https://www.ikea.com/pt/pt/images/products/kallax-linnmon-combinacao-c-secretaria-branco__1090542_pe862079_s5.jpg
79552913,https://www.ikea.com/qa/en/images/products/kallax-shelving-unit-with-underframe-with-2-doors-4-drawers-white__1245496_pe921638_s5.jpg
09442616,https://www.ikea.com/qa/en/images/products/kallax-shelving-unit-with-underframe-black-brown-white__1041387_pe840979_s5.jpg
09278338,https://www.ikea.com/qa/en/images/products/kallax-shelving-unit-with-10-inserts-white__0754649_pe748006_s5.jpg
79278269,https://www.ikea.com/qa/en/images/products/kallax-shelving-unit-with-doors-black-brown__0619560_pe689128_s5.jpg
49275088,https://www.ikea.com/se/sv/images/products/havsta-hylla-med-sockel-gra__0720094_pe732406_s5.jpg
79278325,https://www.ikea.com/qa/en/images/products/kallax-shelving-unit-with-4-inserts-black-brown__0754645_pe748003_s5.jpg
39932538,https://www.ikea.com/qa/en/images/products/fjaelkinge-shelving-unit-with-drawers-white__0624480_pe692096_s5.jpg
60221683,https://www.ikea.com/qa/en/images/products/fjaelkinge-shelving-unit-white__0644252_pe702505_s5.jpg
79278293,https://www.ikea.com/qa/en/images/products/kallax-shelving-unit-with-2-inserts-with-4-drawers-white__0754392_pe747903_s5.jpg
09442678,https://www.ikea.com/qa/en/images/products/kallax-shelving-unit-with-underframe-black-brown-white__1041432_pe841017_s5.jpg
79442627,https://www.ikea.com/pt/pt/images/products/kallax-estante-c-estrutura-inferior-ef-carvalho-c-velatura-branca-preto__1041382_pe840974_s5.jpg
79294542,https://www.ikea.com/qa/en/images/products/vittsjoe-storage-combination-black-brown-glass__0754478_pe747936_s5.jpg
09481684,https://www.ikea.com/qa/en/images/products/kallax-lagkapten-desk-combination-white__1090563_pe862075_s5.jpg
40423719,https://www.ikea.com/pt/pt/images/products/kallax-acessorio-c-4-prateleira-branco__0627490_pe693409_s5.jpg
20301554,https://www.ikea.com/pt/pt/images/products/kallax-estante-branco__0383003_pe557239_s5.jpg
30324507,https://www.ikea.com/pt/pt/images/products/kallax-acessorio-c-porta-ef-carvalho-c-velatura-branca__0640669_pe699974_s5.jpg
89278278,https://www.ikea.com/qa/en/images/products/kallax-shelving-unit-with-doors-high-gloss-white__0619562_pe689127_s5.jpg
80508504,https://www.ikea.com/us/en/images/products/kallax-insert-with-door-wave-shaped-blackboard-surface__0371258_pe551202_s5.jpg
59552914,https://www.ikea.com/qa/en/images/products/kallax-shelving-unit-with-underframe-with-2-doors-4-drawers-black-brown__1245495_pe921639_s5.jpg
59442628,https://www.ikea.com/pt/pt/images/products/kallax-estante-c-estrutura-inferior-ef-carvalho-c-velatura-branca-branco__1041379_pe840971_s5.jpg
29278262,https://www.ikea.com/pt/pt/images/products/kallax-estante-c-6-acessorios-branco__0619486_pe689117_s5.jpg
40346924,https://www.ikea.com/qa/en/images/products/kallax-shelving-unit-grey-wood-effect__0494558_pe627165_s5.jpg
59425916,https://www.ikea.com/qa/en/images/products/kallax-shelving-unit-with-4-inserts-white__1000225_pe824223_s5.jpg
20305745,https://www.ikea.com/pt/pt/images/products/kallax-estante-brilh-branco__0625357_pe692208_s5.jpg
70301537,https://www.ikea.com/qa/en/images/products/kallax-shelving-unit-white__0644182_pe702466_s5.jpg
70286645,https://www.ikea.com/qa/en/images/products/kallax-insert-with-2-drawers-white__0640671_pe699976_s5.jpg
79442694,https://www.ikea.com/qa/en/images/products/kallax-shelving-unit-with-underframe-white-white__1041456_pe841036_s5.jpg
70339291,https://www.ikea.com/qa/en/images/products/fjaellbo-shelving-unit-black__0473388_pe614539_s5.jpg
29481683,https://www.ikea.com/pt/pt/images/products/kallax-lagkapten-combinacao-c-secretaria-preto-preto-castanho__1090541_pe862078_s5.jpg
59442713,https://www.ikea.com/qa/en/images/products/kallax-shelving-unit-with-underframe-black-brown-white__1041466_pe841052_s5.jpg
19278328,https://www.ikea.com/pt/pt/images/products/kallax-estante-c-4-acessorios-branco__0754647_pe748004_s5.jpg
39286266,https://www.ikea.com/pt/pt/images/products/eket-estante-de-parede-ef-carvalho-c-velatura-branca__1212326_pe910599_s5.jpg
89294532,https://www.ikea.com/qa/en/images/products/vittsjoe-storage-combination-black-brown-glass__0754460_pe747925_s5.jpg
49285817,https://www.ikea.com/qa/en/images/products/eket-wall-mounted-shelving-unit-white__1212327_pe910600_s5.jpg
39442691,https://www.ikea.com/pt/pt/images/products/kallax-estante-c-estrutura-inferior-preto-castanho-preto__1041453_pe841033_s5.jpg
19552949,https://www.ikea.com/pt/pt/images/products/kallax-estante-c-4-gavetas-branco__1246018_pe921913_s5.jpg
09275085,https://www.ikea.com/qa/en/images/products/havsta-shelving-unit-with-plinth-dark-brown__0720091_pe732403_s5.jpg
80401292,https://www.ikea.com/qa/en/images/products/kallax-insert-for-bottles-white__0582402_pe670691_s5.jpg
10409932,https://www.ikea.com/qa/en/images/products/kallax-shelving-unit-white__0601747_pe681619_s5.jpg
00388633,https://www.ikea.com/no/no/images/products/havsta-hylle-med-sokkel-hvit__0820400_pe732471_s5.jpg
20275814,https://www.ikea.com/pt/pt/images/products/kallax-estante-branco__0644753_pe702937_s5.jpg
89278301,https://www.ikea.com/qa/en/images/products/kallax-shelving-unit-with-4-inserts-high-gloss-white__0754626_pe747989_s5.jpg
89442617,https://www.ikea.com/qa/en/images/products/kallax-shelving-unit-with-underframe-black-brown-black__1041383_pe840975_s5.jpg
29442677,https://www.ikea.com/pt/pt/images/products/kallax-estante-c-estrutura-inferior-preto-castanho-preto__1041419_pe841018_s5.jpg
69190936,https://www.ikea.com/qa/en/images/products/eket-cabinet-combination-with-feet-dark-grey__0478413_pe617488_s5.jpg
19442710,https://www.ikea.com/pt/pt/images/products/kallax-estante-c-estrutura-inferior-ef-carvalho-c-velatura-branca-branco__1041452_pe841032_s5.jpg
40275846,https://www.ikea.com/qa/en/images/products/kallax-shelving-unit-black-brown__0625059_pe692080_s5.jpg
20409936,https://www.ikea.com/pt/pt/images/products/kallax-estante-pret-cast__0601749_pe681620_s5.jpg
50483289,https://www.ikea.com/qa/en/images/products/vihals-shelving-unit-with-4-shelves-white__1035576_pe838114_s5.jpg
70342199,https://www.ikea.com/qa/en/images/products/fjaellbo-shelving-unit-black__0473389_pe614540_s5.jpg
40409935,https://www.ikea.com/pt/pt/images/products/kallax-estante-ef-carvalho-c-velatura-branca__0601752_pe681622_s5.jpg
89278259,https://www.ikea.com/qa/en/images/products/kallax-shelving-unit-with-6-inserts-black-brown__0619490_pe689118_s5.jpg
19442692,https://www.ikea.com/pt/pt/images/products/kallax-estante-c-estrutura-inferior-preto-castanho-branco__1041451_pe841031_s5.jpg
90286649,https://www.ikea.com/pt/pt/images/products/kallax-acessorio-c-2-gavetas-preto-castanho__0640672_pe699975_s5.jpg
10275862,https://www.ikea.com/qa/en/images/products/kallax-shelving-unit-black-brown__0644545_pe702769_s5.jpg
09442621,https://www.ikea.com/qa/en/images/products/kallax-shelving-unit-with-underframe-high-gloss-white-white__1041388_pe840980_s5.jpg
99017445,https://www.ikea.com/pt/pt/images/products/kallax-estante-c-portas-pret-cast__0645238_pe703345_s5.jpg
19931865,https://www.ikea.com/pl/pl/images/products/fjaelkinge-regal-z-szufladami-bialy__0194040_pe350240_s5.jpg
09017483,https://www.ikea.com/qa/en/images/products/kallax-shelving-unit-with-4-inserts-black-brown__0644580_pe702799_s5.jpg
99932540,https://www.ikea.com/pl/pl/images/products/fjaelkinge-regal-z-szufladami-bialy__0194036_pe350237_s5.jpg
79442689,https://www.ikea.com/qa/en/images/products/kallax-shelving-unit-with-underframe-high-gloss-white-white__1041428_pe841013_s5.jpg
49307640,https://www.ikea.com/qa/en/images/products/eket-wall-mounted-cabinet-combination-dark-grey__0474335_pe615057_s5.jpg
39442672,https://www.ikea.com/pt/pt/images/products/kallax-estante-c-estrutura-inferior-ef-carvalho-c-velatura-branca-preto__1041441_pe841023_s5.jpg
50334591,https://www.ikea.com/qa/en/images/products/eket-cabinet-dark-grey__1212324_pe910597_s5.jpg
40314640,https://www.ikea.com/qa/en/images/products/kallax-insert-with-door-high-gloss-white__0640670_pe699977_s5.jpg
39285827,https://www.ikea.com/pt/pt/images/products/eket-estante-de-parede-cinz-esc__0625407_pe692252_s5.jpg
90324509,https://www.ikea.com/pt/pt/images/products/kallax-estante-ef-carvalho-c-velatura-branca__0459246_pe606047_s5.jpg
20415193,https://www.ikea.com/nl/nl/images/products/havsta-open-kast-grijs__0632475_pe695401_s5.jpg
79294523,https://www.ikea.com/us/en/images/products/vittsjoe-storage-combination-white-glass__0754456_pe747920_s5.jpg
59442685,https://www.ikea.com/pt/pt/images/products/kallax-estante-c-estrutura-inferior-ef-carvalho-c-velatura-branca-preto__1041424_pe841009_s5.jpg
50324511,https://www.ikea.com/pt/pt/images/products/kallax-acessorio-c-2-gavetas-ef-carvalho-c-velatura-branca__1333482_pe946452_s5.jpg
19294535,https://www.ikea.com/nl/nl/images/products/vittsjo-opbergcombinatie-wit-glas__0754461_pe747924_s5.jpg
60275812,https://www.ikea.com/qa/en/images/products/kallax-shelving-unit-black-brown__0644756_pe702940_s5.jpg
79442712,https://www.ikea.com/qa/en/images/products/kallax-shelving-unit-with-underframe-black-brown-black__1041468_pe841048_s5.jpg
49294548,https://www.ikea.com/qa/en/images/products/vittsjoe-storage-combination-black-brown-glass__0754493_pe747944_s5.jpg
19278253,https://www.ikea.com/pt/pt/images/products/kallax-estante-c-4-acessorios-preto-castanho__0619472_pe689111_s5.jpg
99306860,https://www.ikea.com/pt/pt/images/products/eket-combinacao-armario-c-pes-cinz-esc__0747095_pe744428_s5.jpg
49336341,https://www.ikea.com/qa/en/images/products/eket-wall-cabinet-with-glass-door-dark-grey__0807245_pe770338_s5.jpg
10391041,https://www.ikea.com/qa/en/images/products/havsta-shelving-unit-dark-brown__0632471_pe695397_s5.jpg
29442615,https://www.ikea.com/pt/pt/images/products/kallax-estante-c-estrutura-inferior-branco-branco__1041404_pe840990_s5.jpg
19278272,https://www.ikea.com/pt/pt/images/products/kallax-estante-c-portas-branco__0619558_pe689126_s5.jpg
59902658,https://www.ikea.com/qa/en/images/products/vittsjoe-storage-combination-black-brown-glass__0141579_pe301500_s5.jpg
80275887,https://www.ikea.com/qa/en/images/products/kallax-shelving-unit-white__0644757_pe702939_s5.jpg
60530577,https://www.ikea.com/qa/en/images/products/eket-cabinet-brown-walnut-effect__1212323_pe910596_s5.jpg
99442645,https://www.ikea.com/pt/pt/images/products/kallax-estante-c-estrutura-inferior-branco-brilh-branco__1041416_pe840995_s5.jpg
90562166,https://www.ikea.com/pl/pl/images/products/kallax-wklad-z-2-szufladami-fala-bezowy__1177629_pe895359_s5.jpg
89435221,https://www.ikea.com/qa/en/images/products/eket-wall-mounted-shelving-unit-white__0472902_pe614311_s5.jpg
70301542,https://www.ikea.com/qa/en/images/products/kallax-shelving-unit-black-brown__0644183_pe702465_s5.jpg
80483283,https://www.ikea.com/qa/en/images/products/vihals-shelving-unit-with-6-shelves-white__1035577_pe838112_s5.jpg
70538846,https://www.ikea.com/pt/pt/images/products/jaettesta-estante-branco-bambu-claro__1154340_pe885999_s5.jpg
89442641,https://www.ikea.com/qa/en/images/products/kallax-shelving-unit-with-underframe-white-white__1041385_pe840977_s5.jpg
80512959,https://www.ikea.com/qa/en/images/products/jaettesta-shelving-unit-black__1154339_pe885996_s5.jpg
49306872,https://www.ikea.com/qa/en/images/products/eket-cabinet-combination-with-feet-white__0747110_pe744423_s5.jpg
69278335,https://www.ikea.com/qa/en/images/products/kallax-shelving-unit-with-10-inserts-black-brown__0754648_pe748007_s5.jpg
69481681,https://www.ikea.com/qa/en/images/products/kallax-lagkapten-desk-combination-white__1090551_pe862088_s5.jpg
20278167,https://www.ikea.com/pt/pt/images/products/kallax-acessorio-c-porta-branco__0640668_pe699973_s5.jpg
19285833,https://www.ikea.com/pt/pt/images/products/eket-estante-parede-c-4-compartimentos-cinz-esc__0473428_pe614571_s5.jpg
00275848,https://www.ikea.com/qa/en/images/products/kallax-shelving-unit-white__0627095_pe693171_s5.jpg
80487813,https://www.ikea.com/qa/en/images/products/ekenabben-open-shelving-unit-aspen-white__1029351_pe835758_s5.jpg
59294557,https://www.ikea.com/us/en/images/products/vittsjoe-storage-combination-white-glass__0754496_pe747945_s5.jpg
90428842,https://www.ikea.com/pt/pt/images/products/eket-armario-ef-carvalho-c-velatura-branca__1212322_pe910595_s5.jpg
00334536,https://www.ikea.com/qa/en/images/products/eket-cabinet-with-4-compartments-dark-grey__0473428_pe614571_s5.jpg
79521356,https://www.ikea.com/qa/en/images/products/eket-wall-mounted-shelving-unit-grey-green__1219275_pe913337_s5.jpg
20275885,https://www.ikea.com/pt/pt/images/products/kallax-estante-pret-cast__0644754_pe702938_s5.jpg
70332124,https://www.ikea.com/qa/en/images/products/eket-cabinet-white__1212317_pe910594_s5.jpg
99490274,https://www.ikea.com/pt/pt/images/products/eket-estante-de-parede-efeito-nogueira__1132780_pe878299_s5.jpg
10477935,https://www.ikea.com/gb/en/images/products/kallax-shelving-unit-grey-wood-effect__0816768_pe773669_s5.jpg
80556236,https://www.ikea.com/qa/en/images/products/eket-cabinet-pale-yellow__1219273_pe913341_s5.jpg
09481698,https://www.ikea.com/qa/en/images/products/kallax-linnmon-desk-combination-white__1090561_pe862098_s5.jpg
09398675,https://www.ikea.com/qa/en/images/products/kallax-lack-storage-combination-with-shelf-white__0943482_pe796947_s5.jpg
59189472,https://www.ikea.com/qa/en/images/products/eket-cabinet-combination-with-feet-white__0478597_pe617680_s5.jpg
79552908,https://www.ikea.com/qa/en/images/products/kallax-shelving-unit-with-2-doors-with-2-shelf-inserts-white__1286557_pe933608_s5.jpg
70483274,https://www.ikea.com/qa/en/images/products/vihals-shelving-unit-with-10-shelves-white__1035575_pe838110_s5.jpg
29278304,https://www.ikea.com/pt/pt/images/products/kallax-estante-c-4-acessorios-preto-castanho__0754623_pe747987_s5.jpg
99481694,https://www.ikea.com/pt/pt/images/products/kallax-linnmon-combinacao-c-secretaria-preto-preto-castanho__1090559_pe862096_s5.jpg
30530574,https://www.ikea.com/pt/pt/images/products/eket-armario-castanho-efeito-nogueira__1132779_pe878298_s5.jpg
89442622,https://www.ikea.com/qa/en/images/products/kallax-shelving-unit-with-underframe-high-gloss-white-black__1041384_pe840976_s5.jpg
69442642,https://www.ikea.com/qa/en/images/products/kallax-shelving-unit-with-underframe-black-brown-black__1041412_pe840998_s5.jpg
80303437,https://www.ikea.com/us/en/images/products/vittsjoe-shelf-unit-white-glass__0644375_pe702639_s5.jpg
79278250,https://www.ikea.com/qa/en/images/products/kallax-shelving-unit-with-4-inserts-white__0619476_pe689112_s5.jpg
59189033,https://www.ikea.com/qa/en/images/products/eket-wall-mounted-cabinet-combination-white__0478882_pe617898_s5.jpg
20454504,https://www.ikea.com/us/en/images/products/ravaror-shelf-unit-on-casters-oak-veneer__0835186_pe778334_s5.jpg
29481678,https://www.ikea.com/pt/pt/images/products/kallax-lagkapten-combinacao-c-secretaria-preto-preto-castanho__1090540_pe862077_s5.jpg
50214678,https://www.ikea.com/qa/en/images/products/vittsjoe-shelving-unit-black-brown-glass__0644374_pe702640_s5.jpg
29442663,https://www.ikea.com/pt/pt/images/products/kallax-estante-c-estrutura-inferior-preto-castanho-preto__1041439_pe841021_s5.jpg
70388639,https://www.ikea.com/hu/hu/images/products/havsta-polcos-elem-feher__0820439_pe732420_s5.jpg
69442680,https://www.ikea.com/qa/en/images/products/kallax-shelving-unit-with-underframe-grey-wood-effect-white__1041427_pe841012_s5.jpg
00314642,https://www.ikea.com/qa/en/images/products/kallax-insert-with-2-drawers-high-gloss-white__0624166_pe691689_s5.jpg
99294517,https://www.ikea.com/mx/es/images/products/vittsjoe-estante-con-mesa-para-laptop-blanco-vidrio__0754455_pe747919_s5.jpg
50481172,https://www.ikea.com/qa/en/images/products/baggebo-shelving-unit-metal-white__0981562_pe815396_s5.jpg
50454507,https://www.ikea.com/us/en/images/products/ravaror-shelf-unit-on-casters-oak-veneer__0835187_pe778333_s5.jpg
09294526,https://www.ikea.com/qa/en/images/products/vittsjoe-storage-combination-black-brown-glass__0754457_pe747922_s5.jpg
89442679,https://www.ikea.com/qa/en/images/products/kallax-shelving-unit-with-underframe-grey-wood-effect-black__1041429_pe841014_s5.jpg
90495695,https://www.ikea.com/pt/pt/images/products/kallax-acessorio-c-compartimentos-branco__0999125_pe823218_s5.jpg
60510862,https://www.ikea.com/pt/pt/images/products/eket-armario-verm-acastanhado__1212328_pe910601_s5.jpg
79902657,https://www.ikea.com/qa/en/images/products/vittsjoe-shelving-unit-with-laptop-table-black-brown-glass__0141583_pe301501_s5.jpg
59278307,https://www.ikea.com/qa/en/images/products/kallax-shelving-unit-with-4-inserts-white__0754627_pe747994_s5.jpg
29481659,https://www.ikea.com/pt/pt/images/products/kallax-lagkapten-combinacao-c-secretaria-branco__1090539_pe862076_s5.jpg
49189203,https://www.ikea.com/qa/en/images/products/eket-cabinet-combination-with-feet-white__0478416_pe617483_s5.jpg
89442655,https://www.ikea.com/pt/pt/images/products/kallax-estante-c-estrutura-inferior-ef-carvalho-c-velatura-branca-branco__1041415_pe841001_s5.jpg
59442666,https://www.ikea.com/qa/en/images/products/kallax-shelving-unit-with-underframe-white-white__1041442_pe841030_s5.jpg
90301555,https://www.ikea.com/pt/pt/images/products/kallax-estante-branco__0383004_pe557240_s5.jpg
10305802,https://www.ikea.com/nl/nl/images/products/vittsjo-stellingkast-wit-glas__0767559_pe754141_s5.jpg
29336356,https://www.ikea.com/pt/pt/images/products/eket-armario-parede-c-porta-vidro-branco__0807260_pe770337_s5.jpg
90305803,https://www.ikea.com/pt/pt/images/products/vittsjoe-estante-preto-castanho-vidro__0767557_pe754140_s5.jpg
49481658,https://www.ikea.com/qa/en/images/products/kallax-lagkapten-desk-combination-black-black-brown__1090545_pe862082_s5.jpg
89278297,https://www.ikea.com/qa/en/images/products/kallax-shelving-unit-with-doors-high-gloss-white__0754615_pe747983_s5.jpg
99442674,https://www.ikea.com/pt/pt/images/products/kallax-estante-c-estrutura-inferior-ef-carvalho-c-velatura-branca-branco__1041447_pe841029_s5.jpg
39278290,https://www.ikea.com/pt/pt/images/products/kallax-estante-c-2-acessorios-c-4-gavetas-pret-cast__0754390_pe747901_s5.jpg
39442686,https://www.ikea.com/pt/pt/images/products/kallax-estante-c-estrutura-inferior-ef-carvalho-c-velatura-branca-branco__1041421_pe841006_s5.jpg
69336359,https://www.ikea.com/qa/en/images/products/eket-wall-cabinet-with-glass-door-dark-grey__0807286_pe770379_s5.jpg
09398722,https://www.ikea.com/pt/pt/images/products/kallax-lack-combinacao-arrumacao-c-prateleira-ef-carvalho-c-velatura-branca__0943523_pe796964_s5.jpg
69329387,https://www.ikea.com/qa/en/images/products/eket-wall-cabinet-with-2-drawers-white__0783759_pe761569_s5.jpg
09189200,https://www.ikea.com/qa/en/images/products/eket-cabinet-combination-with-feet-white__0478254_pe617380_s5.jpg
10345073,https://www.ikea.com/mx/es/images/products/kallax-canasta-de-alambre-dorado__0626790_pe692979_s5.jpg
10487816,https://www.ikea.com/pt/pt/images/products/ekenabben-estante-aberta-choupo-branco__1029426_pe835815_s5.jpg
79285830,https://www.ikea.com/qa/en/images/products/eket-wall-mounted-shelving-unit-dark-grey__1212324_pe910597_s5.jpg
39017486,https://www.ikea.com/pt/pt/images/products/kallax-estante-c-4-acessorios-branco__0644583_pe702802_s5.jpg
29442620,https://www.ikea.com/pt/pt/images/products/kallax-estante-c-estrutura-inferior-branco-preto__1041405_pe840991_s5.jpg
79197584,https://www.ikea.com/pt/pt/images/products/kallax-estante-c-2-acessorios-c-4-gavetas-ef-carvalho-c-velatura-branca__0754389_pe747900_s5.jpg
10305741,https://www.ikea.com/qa/en/images/products/kallax-shelving-unit-high-gloss-white__0627096_pe693189_s5.jpg
40501892,https://www.ikea.com/qa/en/images/products/kallax-underframe-white__1028808_pe835543_s5.jpg
49398678,https://www.ikea.com/qa/en/images/products/kallax-lack-storage-combination-with-shelf-white__0943553_pe796975_s5.jpg
00501889,https://www.ikea.com/qa/en/images/products/kallax-underframe-black__1028806_pe835538_s5.jpg
49481700,https://www.ikea.com/qa/en/images/products/kallax-linnmon-desk-combination-black-black-brown__1090547_pe862084_s5.jpg
89307643,https://www.ikea.com/qa/en/images/products/eket-wall-mounted-cabinet-combination-white__0472946_pe614333_s5.jpg
09442720,https://www.ikea.com/qa/en/images/products/kallax-shelving-unit-with-underframe-white-white__1041472_pe841046_s5.jpg
