ArticleID;Topics
70301542;Quality, Ease of Assembly, Appearance, Functionality, Sturdiness, Space, Value, Versatility
19294535;Space, Appearance, Organization
29294554;Quality, Satisfaction
90301555;Quality, Versatility, Ease of Assembly, Storage, Appearance, Durability, Value
69329387;Quality, Ease of Assembly, Appearance, Functionality, Durability, Installation, Solidity, Cleanliness
79442689;Quality, Ease of Assembly, Appearance, Value, Functionality, Sturdiness, Design, Satisfaction
39442672;Capacity, Functionality
09442678;Ease of Assembly, Versatility, Appearance, Quality
90510865;Quality, Value
89278259;Quality, Ease of Assembly, Storage, Size, Durability, Value, Functionality, Appearance
29278304;Quality, Ease of Assembly, Appearance, Versatility, Functionality, Sturdiness, Value, Durability
80401292;Quality, Ease of Assembly, Appearance, Functionality, Versatility, Value, Sturdiness, Organization
29442615;Quality, Ease of Assembly, Roominess, Patience
69442680;Quality, Functionality, Ease of Assembly, Appearance, Value, Sturdiness, Customization, Color
50454507;Quality, Ease of Assembly, Appearance, Functionality, Value, Portability, Storage, Durability
19189030;Quality, Functionality, Appearance
59442685;Quality, Ease of Assembly, Construction, Appearance, Functionality, Availability, Weight, Color
49442676;Quality, Ease of Assembly, Appearance, Versatility, Functionality, Sturdiness, Value, Customization
70538846;Quality, Price, Ease of Assembly, Design, Size, Functionality, Sturdiness, Aesthetics
19442654;Quality, Ease of Assembly, Appearance
29481701;Quality, Versatility, Functionality, Ease of Installation, Durability
40501892;Quality, Ease of Assembly, Appearance, Functionality, Height, Sturdiness, Versatility, Value
49189203;Quality, Ease of Assembly, Value, Design, Compatibility, Instructions, Durability
80487813;Quality, Ease of Assembly, Appearance, Functionality, Space, Sturdiness, Value, Design
19442692;Ease of Assembly, Functionality, Sturdiness, Quality
59189472;Appearance, Quality
79278250;Quality, Ease of Assembly, Space, Functionality, Durability, Appearance, Storage, Organization
59294557;Price, Quality, Ease of Assembly, Design, Sturdiness, Attractiveness
99017445;Quality, Ease of Assembly, Appearance, Storage, Versatility, Sturdiness, Functionality, Value
79442694;Quality, Ease of Assembly, Appearance, Versatility, Storage, Value, Design, Functionality
