PRODUCT_AREA,TYPE_NAME_ENGLISH,count
Airpurifiers & accessories,Filter for particle removal,46
Airpurifiers & accessories,Filter for gas cleaning,12
Airpurifiers & accessories,2-piece filter set,10
Armchairs,Armchair,231
Armchairs,Chair,73
Armchairs,Easy chair,47
Armchairs,Armchair and ottoman,37
Armchairs,Cover for armchair,35
Armchairs,Armchair frame,24
Armchairs,Wing chair,8
Armchairs,Rocking chair,7
Artificial flowers,Artificial leaf,126
Artificial flowers,Artificial flower,87
Artificial flowers,Dried bouquet,78
Artificial flowers,Dried parts of flowers/plants,26
Artificial flowers,Artificial bouquet,20
Artificial flowers,Wreath,10
Artificial flowers,Artificial garland,6
Artificial flowers,Artificial spray,6
Artificial plants,Artificial potted plant,1583
Artificial plants,Artificial potted plant with pot,86
Artificial plants,"Artifi potted plant w pot, set of 3",34
Artificial plants,Artificial plant with wall holder,11
Artificial plants,Artificial plant,5
Baby eating & care,Plate,257
Baby eating & care,Bowl,201
Baby eating & care,Junior chair,184
Baby eating & care,18-piece cutlery set,177
Baby eating & care,Children's stool,165
Baby eating & care,Bib,161
Baby eating & care,Washcloth,141
Baby eating & care,Tumbler,139
Baby eating & care,Spoon,104
Baby eating & care,Children's potty,84
Baby eating & care,3-piece cutlery set,79
Baby eating & care,Toilet seat,47
Baby eating & care,Training beaker,39
Baby eating & care,Feeding and baby spoon,31
Baby eating & care,4-piece dinnerware set,28
Baby eating & care,Place mat,25
Baby eating & care,Baby towel with hood,21
Baby eating & care,Stor baskets changing tbl set of 4,20
Baby eating & care,Door stop,19
Baby eating & care,Corner bumper,18
Baby eating & care,Supporting cushion,17
Baby eating & care,Cover for babycare mat,11
Baby eating & care,Plate/bowl,11
Baby eating & care,Babycare mat,7
Baby eating & care,Muslin square,6
Baby sleep textiles,Duvet cover 1 pillowcase for cot,21
Baby sleep textiles,Blanket,19
Baby sleep textiles,Duvet cover 1 pillowcase for crib,17
Baby sleep textiles,Rug,14
Baby sleep textiles,Mattress protector,13
Baby sleep textiles,Baby blanket,7
Baby sleep textiles,"Curtains with tie-backs, 1 pair",3
Baby sleep textiles,Fitted sheet for bassinet,1
Bags and travel accessories,"Carrier bag, large",397
Bags and travel accessories,Bag,391
Bags and travel accessories,Shopping bag,320
Bags and travel accessories,"Carrier bag, medium",258
Bags and travel accessories,"Net bag, set of 2",145
Bags and travel accessories,Hat,116
Bags and travel accessories,Umbrella,71
Bags and travel accessories,Mesh bag,52
Bags and travel accessories,Luggage tag,18
Bags and travel accessories,Bottle,15
Bags and travel accessories,Trolley,9
Bags and travel accessories,"Mesh bag, set of 2",7
Bags and travel accessories,Backpack,6
Bags and travel accessories,Carrier bag,3
Bakeware,Rubber spatula,133
Bakeware,Flour sifter,80
Bakeware,Baking pan,66
Bakeware,Pastry brush,60
Bakeware,Baking mat,55
Bakeware,"Mixing bowl, set of 2",48
Bakeware,Springform pan,42
Bakeware,Shaker,39
Bakeware,Loaf tin,38
Bakeware,Bowl,36
Bakeware,Mixing bowl,35
Bakeware,"Cookie cutter, set of 5",33
Bakeware,Muffin tin,33
Bakeware,"Spatula, set of 2",33
Bakeware,Rolling pin,32
Bakeware,Pie dish,29
Bakeware,Loose-base cake tin,23
Bakeware,Bowl scraper,22
Bakeware,Dough cutter,20
Bakeware,"Measuring cup, set of 2",20
Bakeware,"Pastry cutter, set of 5",20
Bakeware,Ramekin,20
Bakeware,Cooling rack,19
Bakeware,Offset spatula,15
Bakeware,Pie plate,13
Bakeware,"Baking frame, adjustable",12
Bakeware,Proofing/bread basket,12
Bakeware,"Baking cup, paper",11
Bakeware,"Measuring cups, set of 4",11
Bakeware,Piping tool,10
Bakeware,"Cookie scoop, set of 2",9
Bakeware,Cover for rolling pin,4
Bakeware,Baking cup,2
Bakeware,Baking mold,2
Bakeware,Mixing bowl with lid,2
Bakeware,Muffin mould,2
Bakeware,Baking tin,1
Bakeware,Measuring cup,1
Bakeware,Measuring jug,1
Bakeware,Muffin pan,1
Bar stools,Bar stool with backrest,400
Bar stools,Bar stool,299
Bar stools,"Bar stool with backrest, foldable",100
Bar stools,Cover for bar stool with backrest,32
Bar stools,Barstool frame,4
Bases and slats,Slatted bed base,805
Bases and slats,Slatted mattress base for bed frame,48
Bases and slats,Slatted mattress base with legs,19
Bath textile accessories,Bath robe,331
Bath textile accessories,Bathrobe,189
Bath textile accessories,Hair towel wrap,21
Bath textile accessories,Eye mask,20
Bath textile accessories,Scrub belt,20
Bath textile accessories,Scrub mit,19
Bath textile accessories,Reusable cleansing pads with bag,12
Bath textile accessories,Toiletry bag,11
Bath textile accessories,Headband with nylon fastener,6
Bathmats,Bath mat,1500
Bathroom around the sink,Soap dispenser,568
Bathroom around the sink,Mirror,180
Bathroom around the sink,3-piece bathroom set,101
Bathroom around the sink,"Jar with lid and tray, set of 5",65
Bathroom around the sink,Body puff,64
Bathroom around the sink,Soap dish with suction cup,62
Bathroom around the sink,"Box with lid, set of 5",60
Bathroom around the sink,Toothbrush holder,57
Bathroom around the sink,Storage box with mirrored lid,38
Bathroom around the sink,Tray,33
Bathroom around the sink,Toothbrush holder with suction cup,30
Bathroom around the sink,Mini chest with 2 drawers,25
Bathroom around the sink,Box with compartments,24
Bathroom around the sink,Soap dish,21
Bathroom around the sink,Mug,14
Bathroom around the sink,"Storage unit, set of 2",11
Bathroom around the sink,Glass shelf,9
Bathroom around the sink,Storage basket,6
Bathroom around the sink,Container,4
Bathroom furniture,Mirror cabinet with 2 doors,176
Bathroom furniture,Bathroom vanity,120
Bathroom furniture,High cabinet,116
Bathroom furniture,Wash-stand with 2 drawers,62
Bathroom furniture,Wall cabinet with 1 door,58
Bathroom furniture,Leg,49
Bathroom furniture,High cabinet with mirror door,42
Bathroom furniture,Mirror,38
Bathroom furniture,Wall shelf,33
Bathroom furniture,Corner cabinet,30
Bathroom furniture,Sink cabinet with 2 drawers,29
Bathroom furniture,Mirror cabinet with 1 door,27
Bathroom furniture,Countertop,24
Bathroom furniture,Open sink cabinet with 2 drawers,23
Bathroom furniture,Sink cabinet with 4 drawers,22
Bathroom furniture,Laundry cabinet,21
Bathroom furniture,Wall fr w shelves,16
Bathroom furniture,Wall cb w 2 shelves,13
Bathroom furniture,High cb w 4 shelves,12
Bathroom furniture,Mirror with shelf,12
Bathroom furniture,High fr w shelves,11
Bathroom furniture,Open wash-stand with 4 drawers,11
Bathroom furniture,Wall cb with 2 doors,10
Bathroom furniture,Door,9
Bathroom furniture,Wash-basin base cabinet w 2 doors,9
Bathroom furniture,High cabinet with 2 doors,8
Bathroom furniture,Mirror cb with 2 doors,8
Bathroom furniture,Mirror cb with 1 door,7
Bathroom furniture,Storage bench w towel rail/4 hooks,7
Bathroom furniture,Open wash-stand with 1 drawer,6
Bathroom furniture,Cabinet for washing machine,5
Bathroom furniture,Storage bench w/towel rail+4 hooks,5
Bathroom furniture,Storage combination,5
Bathroom furniture,Base cb f sink w 2 drawers,4
Bathroom furniture,Wash-basin cabinet,4
Bathroom furniture,Legs f cabinet,3
Bathroom furniture,Base cb f sink w 1 door,2
Bathroom furniture,Base cb f sink w 2 doors,2
Bathroom furniture,Bathroom,2
Bathroom furniture,Bathroom vanity 1 drawer,2
Bathroom furniture,Mirror cabinet,2
Bathroom furniture,Mirror door,2
Bathroom furniture,Open cabinet,2
Bathroom furniture,Base fr w shelves,1
Bathroom furniture,Base frame for sink,1
Bathroom furniture,Bath vanity with 1 drawer,1
Bathroom furniture,"Bathroom furniture, set of 5",1
Bathroom furniture,Hanging mirror f frame,1
Bathroom furniture,Laundry,1
Bathroom furniture,Legs f frame,1
Bathroom furniture,Vanity cabinet with 1 door,1
Bathroom lighting,Wall lamp with 3-spots,5
Bathroom sinks,"Water trap, 1 bowl",27
Bathroom sinks,Sink with water trap,3
Bathroom sinks,Connecting hardware,1
Bathroom sinks,Sink,1
Bathroom small furniture,Shelf unit,851
Bathroom small furniture,Cart,318
Bathroom small furniture,Step stool,145
Bathroom small furniture,Shelving unit,122
Bathroom small furniture,Trolley,118
Bathroom small furniture,Corner shelf unit,73
Bathroom small furniture,Bench,71
Bathroom small furniture,Bathroom shelf unit,64
Bathroom small furniture,Storage stool,39
Bathroom small furniture,Towel rack chair,37
Bathroom small furniture,Sink shelf/corner shelf,31
Bathroom small furniture,Towel stand,11
Bathroom small furniture,Wall cabinet w shelves/glass door,11
Bathroom small furniture,Laundry bin with casters,8
Bathroom small furniture,Laundry bag with castors,7
Bathroom taps,Bath faucet,7
Bathroom taps,Mist nozzle for mixer tap,2
Bathroom towel solutions,Hook with suction cup,121
Bathroom towel solutions,Hanger for door,93
Bathroom towel solutions,Towel rail,83
Bathroom towel solutions,Wall shelf with towel rail,49
Bathroom towel solutions,Towel rack with suction cup,41
Bathroom towel solutions,Towel holder 3 bars,37
Bathroom towel solutions,"Hook, self-adhesive",31
Bathroom towel solutions,Hook,28
Bathroom towel solutions,Towel hanger,21
Bathroom towel solutions,Wall shelf with 5 hooks,15
Bathroom towel solutions,"Towel holder, 3 bars",13
Bathroom towel solutions,Hook for door,12
Bathroom towel solutions,Swivel shelf,6
Bathroom towel solutions,Knob,5
Bathroom towel solutions,Rail for hooks,4
Bathroom towel solutions,Hanging shelf insert,2
"Bathroom, shower and toilet solutions",Toilet brush/holder,512
"Bathroom, shower and toilet solutions",Toilet roll holder,104
"Bathroom, shower and toilet solutions",Bathtub mat,93
"Bathroom, shower and toilet solutions",Toilet brush,90
"Bathroom, shower and toilet solutions",Basket with suction cup,84
"Bathroom, shower and toilet solutions",Trash can,63
"Bathroom, shower and toilet solutions",Corner shelf unit with suction cup,59
"Bathroom, shower and toilet solutions",Touch top bin,53
"Bathroom, shower and toilet solutions",Basket,26
"Bathroom, shower and toilet solutions",Toilet paper,22
"Bathroom, shower and toilet solutions",Corner wall shelf unit,18
"Bathroom, shower and toilet solutions",Squeegee with hanger,18
"Bathroom, shower and toilet solutions",Shower/soap basket with hook,16
"Bathroom, shower and toilet solutions",Replacement brush,13
"Bathroom, shower and toilet solutions","Shower caddy, two tiers",13
"Bathroom, shower and toilet solutions",Shower shelf,9
"Bathroom, shower and toilet solutions",Waste bin,9
"Bathroom, shower and toilet solutions",Toilet roll holder with suction cup,7
"Bathroom, shower and toilet solutions",Toilet roll stand,7
"Bathroom, shower and toilet solutions",Touch top trash can,5
Bed frames and beds with non upholstered headboards,Bed frame,245
Bed frames and beds with non upholstered headboards,Bed frame with storage,213
Bed frames and beds with non upholstered headboards,Bed with headboard and storage,85
Bed frames and beds with non upholstered headboards,Headboard,63
Bed frames and beds with non upholstered headboards,Bed frame w storage and headboard,47
Bed frames and beds with non upholstered headboards,Bed frame with storage & headboard,36
Bed frames and beds with non upholstered headboards,"Underbed storage box, set of 2",29
Bed frames and beds with non upholstered headboards,Bed frame with 4 storage boxes,25
Bed frames and beds with non upholstered headboards,Headboard with storage compartment,24
Bed frames and beds with non upholstered headboards,Bed frame with 2 storage boxes,18
Bed frames and beds with non upholstered headboards,Four-poster bed frame,5
Beds others,Midbeam,209
Beds others,Leg,50
Beds others,Bed storage box,26
Beds others,Underbed storage/bedside table,13
Beds others,Headboard,9
Bedside tables,Bedside table,885
Bedside tables,Nightstand,775
Bedside tables,2-drawer chest,762
Bedside tables,Chest of 2 drawers,590
Bedside tables,Bedside table/shelf unit,6
Bedspreads,Bedspread,421
Bedspreads,Comforter and pillowcase(s),201
Bedspreads,Blanket,5
Benches and sofas,Bench,151
Benches and sofas,Bench with storage,45
Beverage,"Ground coffee, dark roast",150
Beverage,Lingonberry syrup,106
Beverage,Elderflower syrup,71
Beverage,Blueberry syrup,42
Beverage,Sparkling apple & lingonberry drink,35
Beverage,Sparkling pear drink,34
Blinds,Pleated blind,77
Blinds,Roman blind,57
Blinds,Block-out pleated blind,37
Blinds,Cellular blind,4
Blinds,Cellular blind w hub kit,1
Boards and wall organisers,Pegboard,577
Boards and wall organisers,Hook,277
Boards and wall organisers,Container,253
Boards and wall organisers,Rail,139
Boards and wall organisers,Shelf,133
Boards and wall organisers,Magnetic knife rack,131
Boards and wall organisers,Pegboard combination,115
Boards and wall organisers,S-hook,81
Boards and wall organisers,Container with lid,73
Boards and wall organisers,Spice rack,67
Boards and wall organisers,Memo board,64
Boards and wall organisers,Rail with 4 hooks and 2 containers,63
Boards and wall organisers,Clip,59
Boards and wall organisers,Magnetic clip,53
Boards and wall organisers,"Storage basket, set of 3",48
Boards and wall organisers,Wall grid,38
Boards and wall organisers,Hook rack,35
Boards and wall organisers,Elastic cord,30
Boards and wall organisers,Connector,29
Boards and wall organisers,Memo board with pins,26
Boards and wall organisers,Dish drainer,21
Boards and wall organisers,Magazine holder,21
Boards and wall organisers,Connector for SKÅDIS pegboards.,18
Boards and wall organisers,Kitchen roll holder,14
Boards and wall organisers,Wall organiser,14
Boards and wall organisers,Adjustable rack with hooks,13
Boards and wall organisers,Freestanding peg board,13
Boards and wall organisers,Suspension rail,13
Boards and wall organisers,Wall shelf,13
Boards and wall organisers,Bag,12
Boards and wall organisers,Memo board with clips,12
Boards and wall organisers,Shelf/dish drainer,12
Boards and wall organisers,Tablet stand,11
Boards and wall organisers,Triple hook with suction cup,10
Boards and wall organisers,Wall shelf with suction cup,10
Boards and wall organisers,8-piece storage board set,7
Boards and wall organisers,Suspension rail with shelves,7
Boards and wall organisers,Container with suction cup,6
Boards and wall organisers,Kitchen organiser set,6
Boards and wall organisers,Kitchen organizer set,6
Boards and wall organisers,Suspension rail with shelf/wll grid,6
Boards and wall organisers,Wall organiser w hooks,6
Boards and wall organisers,Suspension rail w shelves and rail,5
Boards and wall organisers,Connector for wardrobe,4
Boards and wall organisers,Rail with 5 hooks and 1 container,4
Boards and wall organisers,Rail with 5 hooks and tablet stand,3
Boards and wall organisers,Wall grid with storage,3
Boards and wall organisers,Wall organizer w hooks,3
Boards and wall organisers,"Rails w hooks, tblt stand+container",2
Boards and wall organisers,Susp rail/shlf/dish dra/rail/wll gr,2
Boards and wall organisers,Suspension rail w shelves/wll grids,1
Boards and wall organisers,Wall storage with grid + knife rack,1
Bookcases,Bookcase,3865
Bookcases,Extra shelf,147
Bookcases,Height extension unit,86
Bookcases,Glass door,77
Bookcases,Bookcase with doors,70
Bookcases,Bookcase with panel/glass doors,64
Bookcases,Door,54
Bookcases,Panel/glass door,52
Bookcases,Corner hardware,44
Bookcases,Bookcase combination/crnr solution,22
Bookcases,Bookcase with panel/glass door,21
Bookcases,Bookcase with glass-door,18
Bookcases,Bookcase with glass-doors,13
Bookcases,Bookcase w hght ext ut/pnl/glss drs,11
Bookcases,Bookcase combination w glass doors,9
Bookcases,Drawer,8
Bookcases,Bookcase with door,6
Bookcases,Bookcase with drawer,6
Bookcases,Bookcase+height extension & doors,6
Bookcases,Bookcase corner comb w ext units,4
Bookcases,Bookcase with glass door,2
Bookcases,Bookcase combination with doors,1
Bookcases,Bookcase with glass doors,1
Bookcases,Shelf,1
Boxes and baskets,Box,1627
Boxes and baskets,Box with lid,1183
Boxes and baskets,Basket,1119
Boxes and baskets,Storage box with lid,479
Boxes and baskets,Storage box,77
Boxes and baskets,"Box, set of 3",62
Boxes and baskets,"Box with lid, set of 3",59
Boxes and baskets,Lid for box 11/22 l,50
Boxes and baskets,Lid for box 45/65 l,35
Boxes and baskets,4-piece bathroom set,31
Boxes and baskets,"Lid for box, 5 L",27
Boxes and baskets,"Box with lid, set of 2",17
Boxes and baskets,Lid for box 55/130 l,15
Boxes and baskets,"Basket, set of 2",9
Boxes and baskets,Lid,8
Boxes and baskets,"Storage box with lid, set of 2",8
Boxes and baskets,Basket with lid,4
Boxes and baskets,Box with compartments,2
Boxes and baskets,Trolley,2
Bread & dairy,Multigrain crispbread,286
Bread & dairy,Rye crispbread,274
Bread & dairy,Granola,44
Candleholders,Tealight holder,276
Candleholders,Lantern for block candle,261
Candleholders,"Candlestick, set of 3",92
Candleholders,"Lantern for tealight, in/outdoor",82
Candleholders,Candle dish,52
Candleholders,Candlestick,29
Candleholders,Candle holder,22
Candleholders,Vase/lantern,19
Candleholders,"Lantern f block candle, in/outdoor",18
Candleholders,"Lantern for candle, indoor/outdoor",16
Candleholders,Candle snuffer,13
Candleholders,"Candle holder, set of 3",11
Candleholders,Lantern for tealight,9
Candleholders,Lid for scented candle,9
Candleholders,Block candle holder,6
Candleholders,Lantern,3
Candleholders,"Lantern for pillar candle, in/out",3
Candleholders,Candlestick/tealight holder,2
Candleholders,"Lantern f/tealight, indoor/outdoor",1
Candles and atmosphere light,Unscented tealights,956
Candles and atmosphere light,Unscented chandelier candle,342
Candles and atmosphere light,Unscented block candle,149
Candles and atmosphere light,Unscented candle in metal cup,117
Candles and atmosphere light,"Unscented block candle, set of 5",62
Candles and atmosphere light,Unscented candle,57
Candles and atmosphere light,Unscented pillar candle,27
Candles and atmosphere light,LED candle,13
Candles and atmosphere light,"LED block candle in/out, set of 3",4
Candles and atmosphere light,LED block candle,2
Ceiling lamps and spotlights,Ceiling lamp,20
Ceiling lamps and spotlights,3-blade ceiling fan,15
Chairpads,Chair pad,35
Chest of drawers,3-drawer chest,245
Chest of drawers,Glass top,242
Chest of drawers,6-drawer dresser,8
Chest of drawers,6-drawer chest,6
Chest of drawers,5-drawer chest,4
Chest of drawers,8-drawer dresser,4
Chest of drawers,4-drawer chest,3
Children's accessories,Rug,131
Children's accessories,Headset and tablet stand,85
Children's accessories,Mirror,31
Children's accessories,Towel with hood,24
Children's accessories,"Curtains with tie-backs, 1 pair",15
Children's accessories,Storage bag,15
Children's accessories,Cushion cover,12
Children's accessories,Blanket,7
Children's accessories,Wall shelf for trophies,5
Children's accessories,Bath towel,2
Children's accessories,"Box, set of 4",2
Children's accessories,"Curtains, 1 pair",1
Children's lighting,LED night light,84
Children's lighting,LED wall lamp,5
Children`s study furniture and accessories,Desk,44
Children`s study furniture and accessories,Desk top shelf,17
Children`s study furniture and accessories,Desk pad,11
Children`s study furniture and accessories,Book holder,9
Children`s study furniture and accessories,Desk with pull-out storage unit,6
Children`s study furniture and accessories,Underframe for table top,4
Children`s study furniture and accessories,Organiser,3
Children`s study furniture and accessories,6-piece magnet set,2
Children`s study furniture and accessories,Backpack,2
Children`s study furniture and accessories,Desk top,2
Children`s study furniture and accessories,Gaming mouse pad,2
Children`s study furniture and accessories,Hanging organizer for accessories,1
Children´s small furniture,Children's table,295
Children´s small furniture,Children's table and 2 chairs,241
Children´s small furniture,Children's chair,201
Children´s small furniture,Children's desk,55
Children´s small furniture,Swivel armchair,39
Children´s small furniture,Activity table with storage,27
Children´s small furniture,Children's bench,10
Children´s small furniture,Children's armchair frame,7
Children´s small storage,Box with lid,237
Children´s small storage,Children's coat-hanger,121
Children´s small storage,Storage crate with castors,91
Children´s small storage,Knob rack with 4 knobs,31
Children´s small storage,Storage bag,28
Children´s small storage,Lid,21
Children´s small storage,Hanger for door,10
Children´s small storage,Box with castors and lid,8
Children´s storage furniture,Frame,484
Children´s storage furniture,Storage box,363
Children´s storage furniture,Storage combination with boxes,167
Children´s storage furniture,Wall storage,76
Children´s storage furniture,Mesh storage box,70
Children´s storage furniture,Lid,42
Children´s storage furniture,Bench with toy storage,28
Children´s storage furniture,Book display with storage,28
Children´s storage furniture,Storage tray with compartments,23
Children´s storage furniture,Storage combination,20
Children´s storage furniture,Toy storage with wheels,18
Children´s storage furniture,Shelf,16
Children´s storage furniture,Bench,11
Children´s storage furniture,Hook and clip,8
Children´s storage furniture,Mirror,8
Children´s storage furniture,Soft closing hinge,8
Children´s storage furniture,Drawer front,7
Children´s storage furniture,Clip-on handle,6
Children´s storage furniture,Handle,6
Children´s storage furniture,Door,5
Children´s storage furniture,Label holder,4
Children´s storage furniture,Box,3
Children´s storage furniture,Wall cabinet,3
Children´s storage furniture,Wire basket,2
Children´s storage furniture,Box with lid,1
Chopping boards,Chopping board,1479
Chopping boards,Butcher block,109
Chopping boards,Preparation bowl,38
Chopping boards,Flexible chopping board,29
Chopping boards,"Chopping board, set of 2",28
Chopping boards,Serving plate,17
Chopping boards,Cutting board,5
Cleaning & cleaning accessories,Shower squeegee,486
Cleaning & cleaning accessories,Dust pan and brush,108
Cleaning & cleaning accessories,Spray bottle,56
Cleaning & cleaning accessories,Scrubbing pad,10
Cleaning & cleaning accessories,2-piece microfibre pad for flat mop,8
Cleaning & cleaning accessories,Bristle refill for brush head,6
Cleaning & cleaning accessories,Wash-tub,6
Cleaning & cleaning accessories,Microfibre cleaning pad,5
Cleaning & cleaning accessories,Gap cleaning cover,4
Cleaning & cleaning accessories,Dustpan/broom,2
Cleaning & cleaning accessories,Microfibre cloth,2
Cleaning & cleaning accessories,Duster cover,1
Cleaning & cleaning accessories,Microfiber cloth,1
Clocks,Wall clock,203
Clocks,Clock/thermometer/alarm/timer,170
Clocks,Alarm clock,140
Clocks,Clock/thermometer/alarm,17
Clothes and shoe organisers,Storage case,754
Clothes and shoe organisers,Shoe organiser,169
Clothes and shoe organisers,Shoe bag,101
Clothes and shoe organisers,Clothes cover,35
Clothes and shoe organisers,Shoe organizer,16
Clothes and shoe organisers,Basket,4
Clothes and shoe organisers,Shoe box,3
Coffee and tea accessories,Coffee/tea maker,436
Coffee and tea accessories,Teapot,309
Coffee and tea accessories,Vacuum flask,286
Coffee and tea accessories,Kettle,195
Coffee and tea accessories,French press coffee maker,164
Coffee and tea accessories,Tea infuser,162
Coffee and tea accessories,Metal coffee filter,84
Coffee and tea accessories,Coffee/tea canister,58
Coffee and tea accessories,Coffee/tea tin,46
Coffee and tea accessories,Milk-frothing jug,31
Coffee and tea accessories,Coffee measuring scoop,16
Coffee and tea accessories,Milk/cream jug,5
Coffee and tea accessories,Jar with lid,2
Comfort toys,Soft toy,97
Complementary bedroom furniture,Clothes rack,509
Complementary bedroom furniture,Dressing table,254
Complementary bedroom furniture,Standing mirror,120
Complementary bedroom furniture,Room divider,96
Complementary bedroom furniture,Dressing table with mirror,52
Complementary bedroom furniture,"Clothes rack, indoor/outdoor",47
Complementary bedroom furniture,Clothes bar,45
Complementary bedroom furniture,Console table,36
Complementary bedroom furniture,Storage bench,30
Complementary bedroom furniture,Shelf unit,7
Complementary workspaces items,Laptop stand,407
Complementary workspaces items,Floor protector,283
Complementary workspaces items,Monitor stand with drawer,211
Complementary workspaces items,Footrest,58
Complementary workspaces items,"Box, set of 5",45
Complementary workspaces items,Cable trunking horizontal,41
Complementary workspaces items,Laptop support,12
Complementary workspaces items,Noticeboard,11
Complementary workspaces items,Padlock,9
Complementary workspaces items,"Screen, freestanding",6
Complementary workspaces items,Whiteboard/noticeboard with castors,5
Complementary workspaces items,Screen for desk,3
Complete kitchen cabinets,Base corner cabinet,6
Complete kitchen cabinets,Wall cabinet with doors,3
Connectivity & control,Lighting kit with hub,1
Cookers,Range with induction cooktop,24
Cookers,Range with gas cooktop,19
Cookers,Range with glass ceramic cooktop,11
Cooking textiles,Tea towel,458
Cooking textiles,Dish towel,351
Cooking textiles,Tea-towel,212
Cooking textiles,Apron,149
Cooking textiles,Dish-cloth,140
Cooking textiles,Pot holder,67
Cooking textiles,Children's apron,39
Cooking textiles,Children’s apron with chef’s hat,17
Cooking textiles,Oven glove,12
Cooking textiles,Oven mitt,11
Cooking textiles,Waist apron,8
Cooking utensils,Spoon,339
Cooking utensils,Turner,275
Cooking utensils,3-piece kitchen utensil set,194
Cooking utensils,Cooking tweezers,125
Cooking utensils,Tongs,117
Cooking utensils,Angled turner,107
Cooking utensils,"Whisk, set of 2",93
Cooking utensils,Balloon whisk,80
Cooking utensils,4-piece kitchen utensil set,76
Cooking utensils,Wok turner,64
Cooking utensils,Deep-fry skimmer,56
Cooking utensils,Wok spatula,56
Cooking utensils,Fork,47
Cooking utensils,Squeeze bottle,46
Cooking utensils,5-piece kitchen utensil set,41
Cooking utensils,Potato masher,39
Cooking utensils,Soup ladle,39
Cooking utensils,Barbecue brush,27
Cooking utensils,Spatula,24
Cooking utensils,Rice ladle,13
Cooking utensils,Skimmer,9
Cooking utensils,Ladle,3
Creativity,Easel,159
Creativity,Drawing paper roll,142
Creativity,"Brush, set of 6",87
Creativity,Chalk,74
Creativity,Coloured pencil,57
Creativity,Fluorescent/glitter paint,57
Creativity,Watercolour box,56
Creativity,Paper,47
Creativity,Beads,40
Creativity,Apron with long sleeves,33
Creativity,"Bead shape, set of 4",24
Creativity,Paper roll holder with storage,19
Creativity,Canvas pad,10
Creativity,Colouring paper roll,10
Creativity,Framed drawing cardboard,9
Creativity,"Modelling dough cutters, set of 5",8
Creativity,4-piece modelling dough toolset,7
Creativity,3-piece easel and accessories set,4
Creativity,Artwork storage,2
Curtain rods and systems,Curtain rod,394
Curtain rods and systems,Wall/ceiling bracket,215
Curtain rods and systems,"Finials, 1 pair",164
Curtain rods and systems,Curtain wire,143
Curtain rods and systems,Curtain ring with clip and hook,131
Curtain rods and systems,Curtain rod set,117
Curtain rods and systems,Iron-on hemming strip,52
Curtain rods and systems,Curtain rod combination,51
Curtain rods and systems,Curtain hook with clip,47
Curtain rods and systems,Curtain rod holder,47
Curtain rods and systems,Curtain hook,41
Curtain rods and systems,Wall fitting,39
Curtain rods and systems,Triple track rail,32
Curtain rods and systems,Single track rail,28
Curtain rods and systems,Tieback,28
Curtain rods and systems,Glider and hook,25
Curtain rods and systems,Double curtain rod set,24
Curtain rods and systems,Support/corner fixture,24
Curtain rods and systems,Panel curtain holder,23
Curtain rods and systems,Double curtain rod combination,22
Curtain rods and systems,Single track set,18
Curtain rods and systems,Single track rail with gliders,16
Curtain rods and systems,Draw rod,14
Curtain rods and systems,Triple curtain rod combination,9
Curtain rods and systems,"Corner piece, single track",4
Curtain rods and systems,Corner set,4
Curtain rods and systems,Two track wall set,4
Curtain rods and systems,Room divider for corner,2
Curtain rods and systems,Set for panel curtains,2
Curtain rods and systems,Single and triple track set,1
Curtains and window panels,"Room darkening curtains, 1 pair",512
Curtains and window panels,"Curtains with tie-backs, 1 pair",366
Curtains and window panels,"Curtains, 1 pair",337
Curtains and window panels,"Sheer curtains, 1 pair",273
Curtains and window panels,Panel curtain,127
Curtains and window panels,"Black-out curtains, 1 pair",93
Curtains and window panels,"Curtain liners, 1 pair",60
Curtains and window panels,Sound absorbing panel,7
Curtains and window panels,"Blackout curtains, 1 pair",4
Cushions,Cushion cover,1819
Cushions,Cushion,25
Cutlery,16-piece cutlery set,256
Cutlery,Knife,128
Cutlery,Spoon,106
Cutlery,Chopsticks 4 pairs,100
Cutlery,60-piece cutlery set,98
Cutlery,Salad/dessert fork,73
Cutlery,Fork,71
Cutlery,Dessert spoon,70
Cutlery,Coffee spoon,53
Cutlery,20-piece flatware set,49
Cutlery,56-piece cutlery set,32
Cutlery,Teaspoon,31
Cutlery,30-piece cutlery set,22
Cutlery,2-piece salad server set,18
Cutlery,16-piece flatware set,13
Cutlery,4-piece serving set,10
Cutlery,"Chopsticks, 4 pairs",6
Cutlery,"Serving set, 2 pieces",3
Cutlery,8-piece steak cutlery set,1
Desk and clamp lamps,LED USB lamp,89
Dinnerware,Bowl,1198
Dinnerware,Plate,717
Dinnerware,Side plate,487
Dinnerware,Deep plate/bowl,392
Dinnerware,Deep plate,204
Dinnerware,18-piece service,186
Dinnerware,18-piece dinnerware set,63
Dinnerware,24-piece dinnerware set,51
Dinnerware,12 piece dinnerware set,39
Dinnerware,Plate with compartments,30
Dinnerware,Bowl with lid,17
Dinnerware,Dessert bowl,15
Dinnerware,"Sauce dish, set of 2",2
Dishwashers,Built-in dishwasher,51
Display cabinets,Glass-door cabinet,1157
Display cabinets,Bookcase,240
Display cabinets,Bookcase with glass doors,239
Display cabinets,Cabinet with glass doors,194
Display cabinets,Glass-door cabinet with 3 drawers,109
Display cabinets,Cabinet with doors,101
Display cabinets,Storage combination w/glass doors,84
Display cabinets,Storage with sliding glass doors,84
Display cabinets,Storage combination w glass-doors,65
Display cabinets,Glass-door cabinet with base,42
Display cabinets,Glass-door cabinet with plinth,29
Display cabinets,Storage combination w glass doors,25
Display cabinets,Storage combination w doors/drawers,20
Display cabinets,Bookcase combination w glass doors,5
Display cabinets,Bookcase with panel/glass doors,5
Display cabinets,Storage comb w sliding glass doors,2
Doormats & accessories,Door mat,1135
Doormats & accessories,"Door mat, indoor",225
Doormats & accessories,Rug underlay with anti-slip,164
Doormats & accessories,Anti-slip underlay,16
Drinking glasses,Glass,1541
Drinking glasses,Wine glass,283
Drinking glasses,Red wine glass,155
Drinking glasses,9-bottle wine rack,106
Drinking glasses,Whiskey glass,74
Drinking glasses,Ice cube tray,72
Drinking glasses,Champagne flute,70
Drinking glasses,Champagne coupe,68
Drinking glasses,Beer tankard,55
Drinking glasses,Beer glass,50
Drinking glasses,Coaster,46
Drinking glasses,Goblet,42
Drinking glasses,White wine glass,42
Drinking glasses,Snaps glass,33
Drinking glasses,Martini glass,28
Drinking glasses,Coasters with holder,23
Drinking glasses,Champagne glass,21
Drinking glasses,Margarita glass,17
Drinking glasses,Double wall glass,16
Drinking glasses,3-piece bar set,14
Drinking glasses,Drinking straws/cleaning brushes,14
Drinking glasses,12-bottle wine rack,12
Drinking glasses,4-bottle wine rack,12
Drinking glasses,Drinking straw,11
Drinking glasses,Brandy glass,8
Drinking glasses,Ice cube tray with lid,7
Drinking glasses,5-pc drink strw/spoon set w clng br,5
Duvet covers,Duvet cover and pillowcase(s),30
Duvets,"Duvet insert, warm",13
Easy to prepare,"Vegetable medallion, frozen",473
Easy to prepare,Plant balls,308
Easy to prepare,"Potato fritters, frozen",289
Easy to prepare,"Mashed potatoes, frozen",246
Easy to prepare,Pasta,43
Eat and drink on the go,Water bottle,126
Eat and drink on the go,Vacuum food container,49
Eat and drink on the go,"Snack container, set of 2",39
Eat and drink on the go,Lunch bag,37
Eat and drink on the go,Insulated travel mug,34
Eat and drink on the go,Jar with insert,29
Eat and drink on the go,Travel cutlery with case,28
Eat and drink on the go,Insulated steel flask,26
Eat and drink on the go,Snack container,22
Eat and drink on the go,Steel vacuum flask,16
Eat and drink on the go,"Insulated tiffin box, 2 tiers",15
Eat and drink on the go,Food container w lid and divider,12
Eat and drink on the go,Stackable lunch box for dry food,12
Eat and drink on the go,Vacuum flask,12
Eat and drink on the go,Bottle holder,7
Eat and drink on the go,Sports lid,7
Eat and drink on the go,Bottle carrier,6
Eat and drink on the go,Insulated flask,6
Eating textiles,Place mat,230
Eating textiles,Tablecloth,43
Eating textiles,Table runner,32
Eating textiles,Napkin,29
Eating textiles,Table-runner,25
Eating textiles,Coaster,14
Eating textiles,Coasters with holder,4
Extractor hoods,Wall mounted range hood,22
Extractor hoods,Under cabinet range hood,18
Extractor hoods,Ceiling-mounted range hood,2
Extractor hoods accessories,Back filler piece,4
Extractor hoods accessories,Charcoal filter with conversion kit,3
Flexible sleep solutions,Daybed frame with 2 drawers,15
Flexible sleep solutions,Daybed with 3 drawers/2 mattresses,10
Floor lamps,Floor lamp with swing arm,10
Floor lamps,Floor lamp,5
Floor lamps,Floor lamp with LED bulb,1
Food containers,Food container with lid,1645
Food containers,Food container,1101
Food containers,Resealable bag,888
Food containers,Jar with lid,641
Food containers,"Food container, set of 17",634
Food containers,Lid,567
Food containers,Dry food jar with lid,427
Food containers,"Food cover, set of 3",287
Food containers,Jar,129
Food containers,3-piece resealable bag set,107
Food containers,Bottle shaped jar with lid,86
Food containers,"Food cover, set of 2",83
Food containers,"Food container with lid, set of 3",56
Food containers,"Bowl with lid, set of 5",53
Food containers,Storage turntable,34
Food containers,Food cover,27
Food containers,"Sealing clip, set of 26",22
Food containers,"Food container with lid, set of 4",20
Food containers,"Tin with lid, set of 3",18
Food containers,Sealing clip,16
Food containers,"Sealing clip, set of 9",15
Food containers,"Food container with lid, set of 5",10
Food containers,"Storage tin with lid, set of 2",9
Food containers,"Insert for food container, set of 2",8
Food containers,Tin with lid,8
Food containers,"Insert for food container, set of 3",7
Food containers,Bottle-shaped jar with lid,2
Food containers,"Bowl with lid, set of 2",1
Food containers,Storage box for fridge,1
Footstools,Footstool with storage,91
Footstools,Ottoman,67
Footstools,Stool,50
Footstools,Cover for ottoman with storage,28
Footstools,Footstool frame,17
Footstools,Pouffe with storage,11
Footstools,Cover for footstool with storage,6
Frames,Frame,1744
Frames,Poster hanger,76
Frames,Collage frame for 8 photos,45
Frames,Collage frame for 4 photos,37
Frames,Adhesive hook for frame,26
Frames,Double-sided tape,7
Fridge/Freezers,Bottom-freezer refrigerator,26
Fridge/Freezers,Top-freezer refrigerator,17
Fridge/Freezers,French door refrigerator,13
Fridges,Wine cooler,1
Gaming,Gaming desk,174
Gaming,Mug holder,45
Gaming,Accessories stand,44
Gaming,Cpu stand with castors,21
Gaming,Gaming mouse pad,20
Gaming,Glass-door cabinet,15
Gaming,Pegboard,11
Gaming,Floor protector,9
Gaming,Pegboard combination,9
Gaming,Drawer unit on castors,8
Gaming,4-piece pegboard accessories set,7
Gaming,Mug with lid and straw,6
Gaming,Tabletop,3
Gaming,Table top,2
Gaming,Microphone arm,1
Gaming,Mouse bungee,1
Hallway furniture,Shoe mat,522
Hallway furniture,Shoe rack,488
Hallway furniture,Shoe cabinet with 2 compartments,325
Hallway furniture,Bench with shoe storage,303
Hallway furniture,Shoe/storage cabinet,294
Hallway furniture,Shoe cabinet with 4 compartments,218
Hallway furniture,Coat rack with shoe storage bench,203
Hallway furniture,Hat and coat stand,129
Hallway furniture,Shoe cabinet with 3 compartment,97
Hallway furniture,Shoe cabinet/storage,95
Hallway furniture,Shoe cabinet with 3 compartments,80
Hallway furniture,Hat rack,41
Hallway furniture,Storage bench,40
Hallway furniture,Coat rack with shoe storage unit,35
Hallway furniture,Bench with storage,14
Hallway furniture,Hat and coat rack,14
Hallway furniture,Shoe tray,2
Hangers and acc for clothes and shoes,Hanger,1608
Hangers and acc for clothes and shoes,Lint roller,276
Hangers and acc for clothes and shoes,Lint roller refill,205
Hangers and acc for clothes and shoes,Shoulder shaper for hanger,123
Hangers and acc for clothes and shoes,Shoehorn,100
Hangers and acc for clothes and shoes,Multi-use hanger,96
Hangers and acc for clothes and shoes,Skirt hanger,77
Hangers and acc for clothes and shoes,"Hanger, indoor/outdoor",55
Hangers and acc for clothes and shoes,Lint brush,23
Hangers and acc for clothes and shoes,Coat-hanger,22
Hangers and acc for clothes and shoes,Shoe shaper,10
Hangers and acc for clothes and shoes,Pants/skirt hanger,9
High tables,Bar table,24
High tables,Table with storage ladder,15
High tables,Table,5
High tables,Star base,1
Hobs,Portable induction cooktop,52
Hobs,Induction cooktop,42
Hobs,Induction cooktop/int. extractor,11
Hobs,Glass ceramic cooktop,8
Hobs,Gas cooktop,7
Home desk storage,Drawer unit,953
Home desk storage,Drawer unit on castors,585
Home desk storage,Drawer unit/drop file storage,375
Home desk storage,Drawer unit with 9 drawers,215
Home desk storage,Drawer unit on casters,209
Home desk storage,Castor,30
Home desk storage,Storage unit,17
Home desks,Desk,2744
Home desks,Tabletop,461
Home desks,Laptop table,268
Home desks,Leg,251
Home desks,Corner work station,247
Home desks,Table,179
Home desks,Desk with pull-out panel,161
Home desks,"Leg, adjustable",154
Home desks,Trestle,48
Home desks,Table top,39
Home desks,Leg with castor,30
Home desks,Leg cone-shaped,21
Home desks,Connection hardware,10
Home desks,Desk sit/stand,4
Home desks,Desk and chair,2
Home desks,Desk with 2 drawers,2
Home fragrance,Scented candle in glass,85
Home fragrance,Scented hanger,80
Home fragrance,Potpourri in a bag,44
Home fragrance,Scented candle in glass with lid,33
Home fragrance,Scented tealight,27
Home fragrance,Scented potpourri,21
Home fragrance,Scented cndl in glass w lid/2 wicks,15
Home fragrance,Dried bouquet,14
Home fragrance,Scented candle in metal cup,13
Home swivel chairs,Swivel chair,171
Home swivel chairs,Children's desk chair,15
Home swivel chairs,"Chair frame, swivel",13
Home swivel chairs,Seat shell,8
Home swivel chairs,"Junior chair frame, swivel",2
Home swivel chairs,Seat shell for junior chair,2
Hooks,Hook,205
Hooks,Hanger,168
Hooks,Rack with 5 hooks,86
Hooks,Folding hook,45
Hooks,Wall/door rack with knobs,36
Hooks,3-arm swivel hook,33
Hooks,Rack with 3 hooks,32
Hooks,Vertical clothes hanger,23
Hooks,Hook for door,21
Hooks,Wall hook,20
Hooks,Rack with 6 knobs,13
Hooks,Vertical hook rack,12
Hooks,Portable table hook,5
Hooks,"Hook, self-adhesive",2
Integrated lighting,LED night light,209
Integrated lighting,LED cabinet lighting strip w sensor,125
Integrated lighting,LED mini lamp,42
Integrated lighting,Connection cord,7
Integrated lighting,LED ktchn drawer lighting w sensor,5
Integrated lighting,LED wardrobe lighting strp w sensor,2
Interior organisers,Shelf,234
Interior organisers,Drawer,216
Interior organisers,Clothes rail,144
Interior organisers,Pull-out tray,92
Interior organisers,Soft closing hinge,88
Interior organisers,Mesh basket,70
Interior organisers,Glass shelf,56
Interior organisers,Pull-out rail for baskets,49
Interior organisers,Pull-out shoe shelf,42
Interior organisers,Drawer with framed front,41
Interior organisers,Drawer with glass front,36
Interior organisers,Mesh basket with pull-out rail,35
Interior organisers,Drawer mat,28
Interior organisers,Pull-out trouser hanger,20
Interior organisers,Drawer with framed glass front,19
Interior organisers,Shoe shelf,18
Interior organisers,Insert for pull-out tray,17
Interior organisers,Pull-out multi-use hanger,15
Interior organisers,Divider for frames,14
Interior organisers,Divider for pull-out tray,14
Interior organisers,Valet hanger,14
Interior organisers,Insert with compartments,13
Interior organisers,Pull-out tray with insert,10
Interior organisers,Insert for jewellery,7
Interior organisers,Insert with 4 compartments,7
Interior organisers,Pull-out pants hanger,7
Interior organisers,Pull-out tray with divider,7
Interior organisers,Soft closing hinge f/corner section,6
Interior organisers,Rail for sliding door frame,3
Interior organisers,Shoe insert for pull-out tray,3
Interior organisers,Divider for frame,2
Interior organisers,Fitting package for two track rail,2
Interior organisers,Soft closing hinge f corner section,2
Interior organisers,Storage with 4 compartments,2
Interior organisers,Adjustable clothes rail,1
Interior organisers,Clothes rail + 2 suspension rails,1
Interior organisers,Pull-out tray with drawer mat,1
Interior organisers,Pull-out tray with shoe insert,1
Interior organisers,Suspension rail,1
Interior organisers,Wire basket,1
Interior organisers,Wire basket with pull-out rail,1
Jugs and carafes,Pitcher with lid,195
Jugs and carafes,Carafe with stopper,144
Jugs and carafes,Jug,137
Jugs and carafes,Bottle with stopper,122
Jugs and carafes,Carafe,92
Jugs and carafes,Jar with tap,79
Jugs and carafes,Stand for jar with tap,33
Jugs and carafes,Beverage dispenser,14
Jugs and carafes,Wine cooler,7
Jugs and carafes,Champagne cooler,1
"Kitchen cabinets, kitchen legs, open frames",Base cabinet frame,154
"Kitchen cabinets, kitchen legs, open frames",Leg,137
"Kitchen cabinets, kitchen legs, open frames",Wall cabinet frame,115
"Kitchen cabinets, kitchen legs, open frames",High cabinet frame,69
"Kitchen cabinets, kitchen legs, open frames",Suspension rail,44
"Kitchen cabinets, kitchen legs, open frames",Base corner cabinet frame,23
"Kitchen cabinets, kitchen legs, open frames",Wall top cabinet frame,21
"Kitchen cabinets, kitchen legs, open frames",Corner wall cabinet frame,15
"Kitchen cabinets, kitchen legs, open frames",Wall cb w 2 shelves,10
"Kitchen cabinets, kitchen legs, open frames",Reinforced ventilated top rail,9
"Kitchen cabinets, kitchen legs, open frames",Open cabinet,7
"Kitchen cabinets, kitchen legs, open frames",Base cabinet with 3 drawers,6
"Kitchen cabinets, kitchen legs, open frames",Legs f cabinet,6
"Kitchen cabinets, kitchen legs, open frames",Wall cb w 2 shlvs/doors,6
"Kitchen cabinets, kitchen legs, open frames",Assembly kit for kitchen island,4
"Kitchen cabinets, kitchen legs, open frames",Open storage,4
"Kitchen cabinets, kitchen legs, open frames",Wall fr w shelves,4
"Kitchen cabinets, kitchen legs, open frames",Wine shelf,4
"Kitchen cabinets, kitchen legs, open frames",Base cabinet for oven,3
"Kitchen cabinets, kitchen legs, open frames",Legs f frame,3
"Kitchen cabinets, kitchen legs, open frames",Storage combination,3
"Kitchen cabinets, kitchen legs, open frames",Support bracket for kitchen island,3
"Kitchen cabinets, kitchen legs, open frames",Box,2
"Kitchen cabinets, kitchen legs, open frames",Supporting leg,2
"Kitchen cabinets, kitchen legs, open frames",Ventilation grille,2
"Kitchen cabinets, kitchen legs, open frames",Base cb f sink ,1
"Kitchen cabinets, kitchen legs, open frames",Base cb w 3 drawers ,1
"Kitchen cabinets, kitchen legs, open frames",Base fr w shelves,1
"Kitchen cabinets, kitchen legs, open frames",Corner base cabinet with shelf,1
"Kitchen cabinets, kitchen legs, open frames",Corner base cabinet with shelf/door,1
"Kitchen cabinets, kitchen legs, open frames",Drawer unit,1
"Kitchen cabinets, kitchen legs, open frames",High cabinet for fridge/freezer,1
"Kitchen cabinets, kitchen legs, open frames",High fr w shelves,1
"Kitchen cabinets, kitchen legs, open frames",Ventilated plinth,1
"Kitchen cabinets, kitchen legs, open frames",Wall cabinet,1
"Kitchen cabinets, kitchen legs, open frames",Wall cabinet with doors,1
"Kitchen cabinets, kitchen legs, open frames",Wall cb w 2 shlvs/door,1
Kitchen fixed interiors,Shelf,130
Kitchen fixed interiors,"Drawer, high",53
Kitchen fixed interiors,"Drawer, medium",52
Kitchen fixed interiors,"Drawer, low",43
Kitchen fixed interiors,Hinge w b-in damper for kitchen,41
Kitchen fixed interiors,Wire basket,32
Kitchen fixed interiors,Corner base cab pull-out fitting,24
Kitchen fixed interiors,Partition,22
Kitchen fixed interiors,Pull-out frame for waste sorting,20
Kitchen fixed interiors,Pull-out interior fittings,18
Kitchen fixed interiors,Corner base cabinet carousel,16
Kitchen fixed interiors,"Add-on side for drawer, high",15
Kitchen fixed interiors,Push opener,15
Kitchen fixed interiors,Wall corner cabinet carousel,13
Kitchen fixed interiors,Pull-out rack for cleaning supplies,10
Kitchen fixed interiors,Shelf for corner wall cabinet,8
Kitchen fixed interiors,"Add-on side for drawer, medium",7
Kitchen fixed interiors,"Drawer front, medium",7
Kitchen fixed interiors,Hinge,4
Kitchen fixed interiors,Low inner drawer with front,4
Kitchen fixed interiors,Connecting rail for fronts,3
Kitchen fixed interiors,"Drawer front, high",3
Kitchen fixed interiors,"Drawer front, low",3
Kitchen fixed interiors,Fixture for mounting door on drawer,3
Kitchen fixed interiors,Reinforced ventilated shelf,3
Kitchen fixed interiors,Shelf for corner base cabinet,2
Kitchen fixed interiors,Pull-out pantry,1
"Kitchen fronts, coverpanels, plinths and deco strips",Door,332
"Kitchen fronts, coverpanels, plinths and deco strips",Drawer front,169
"Kitchen fronts, coverpanels, plinths and deco strips",Cover panel,116
"Kitchen fronts, coverpanels, plinths and deco strips",Base cabinet with 3 drawers,58
"Kitchen fronts, coverpanels, plinths and deco strips",Toekick,38
"Kitchen fronts, coverpanels, plinths and deco strips",Glass door,22
"Kitchen fronts, coverpanels, plinths and deco strips",Base cab with 2 fronts/3 drawers,19
"Kitchen fronts, coverpanels, plinths and deco strips",Base cabinet w/3 fronts & 4 drawers,18
"Kitchen fronts, coverpanels, plinths and deco strips",Base cabinet with 4 drawers,18
"Kitchen fronts, coverpanels, plinths and deco strips",2-p door/corner base cabinet set,17
"Kitchen fronts, coverpanels, plinths and deco strips",Wall cabinet with 2 doors,15
"Kitchen fronts, coverpanels, plinths and deco strips",Rounded deco strip/moulding,14
"Kitchen fronts, coverpanels, plinths and deco strips",Corner base cabinet with carousel,13
"Kitchen fronts, coverpanels, plinths and deco strips",Base cabinet with pull-out storage,12
"Kitchen fronts, coverpanels, plinths and deco strips",Wall cabinet,12
"Kitchen fronts, coverpanels, plinths and deco strips",Base cabinet f/sink & waste sorting,10
"Kitchen fronts, coverpanels, plinths and deco strips",Contoured deco strip/moulding,10
"Kitchen fronts, coverpanels, plinths and deco strips",Base cabinet for recycling,9
"Kitchen fronts, coverpanels, plinths and deco strips",Base cabinet/6 fronts/6 low drawers,9
"Kitchen fronts, coverpanels, plinths and deco strips",High cab w door/2 fronts/4 drawers,6
"Kitchen fronts, coverpanels, plinths and deco strips",Base cabinet for sorting + 1 door,5
"Kitchen fronts, coverpanels, plinths and deco strips",Base cabinet with 2 drawers,5
"Kitchen fronts, coverpanels, plinths and deco strips",Base cabinet f/cooktop w/3 drawers,4
"Kitchen fronts, coverpanels, plinths and deco strips",Base cabinet w 2 doors/2 drawers,4
"Kitchen fronts, coverpanels, plinths and deco strips",Base cabinet w 3 fronts/4 drawers,4
"Kitchen fronts, coverpanels, plinths and deco strips",Base cabinet with shelves/2 doors,4
"Kitchen fronts, coverpanels, plinths and deco strips",Decorative toekick,4
"Kitchen fronts, coverpanels, plinths and deco strips",Wall cabinet with 2 glass doors,4
"Kitchen fronts, coverpanels, plinths and deco strips",Base cab f/cooktop with 2 drawers,3
"Kitchen fronts, coverpanels, plinths and deco strips",Base cabinet w door/2 drawers,3
"Kitchen fronts, coverpanels, plinths and deco strips",Base cabinet/p-out storage/2 drawer,3
"Kitchen fronts, coverpanels, plinths and deco strips",Corner wall cabinet with carousel,3
"Kitchen fronts, coverpanels, plinths and deco strips",High cab w 2drs/2 fronts/4 drawers,3
"Kitchen fronts, coverpanels, plinths and deco strips",High cabinet w/door & 4 drawers,3
"Kitchen fronts, coverpanels, plinths and deco strips",High cabinet w/door & 5 drawers,3
"Kitchen fronts, coverpanels, plinths and deco strips",High cb w 2 doors/shelves/5 drawers,3
"Kitchen fronts, coverpanels, plinths and deco strips",Wall cabinet horizontal w 2 doors,3
"Kitchen fronts, coverpanels, plinths and deco strips",Base cab f cktp/3 fronts/2 drawers,2
"Kitchen fronts, coverpanels, plinths and deco strips",Base cabinet f/sink & recycling,2
"Kitchen fronts, coverpanels, plinths and deco strips",Base cabinet for sink + 2 doors,2
"Kitchen fronts, coverpanels, plinths and deco strips",Base cabinet with drawer/2 doors,2
"Kitchen fronts, coverpanels, plinths and deco strips",Base cabinet with drawer/door,2
"Kitchen fronts, coverpanels, plinths and deco strips",Base cabinet/p-out storage/drawer,2
"Kitchen fronts, coverpanels, plinths and deco strips",Corner wall cabinet with shelves,2
"Kitchen fronts, coverpanels, plinths and deco strips",Deco strip,2
"Kitchen fronts, coverpanels, plinths and deco strips",Hc w p-o func 1dr/4drw,2
"Kitchen fronts, coverpanels, plinths and deco strips",High cabinet w/2 doors & 4 drawers,2
"Kitchen fronts, coverpanels, plinths and deco strips",High cabinet with shelves/2 doors,2
"Kitchen fronts, coverpanels, plinths and deco strips",Leg,2
"Kitchen fronts, coverpanels, plinths and deco strips",Rounded deco strip,2
"Kitchen fronts, coverpanels, plinths and deco strips",Top cab f fridge/freezer w push-op,2
"Kitchen fronts, coverpanels, plinths and deco strips",Wall cabinet horizontal,2
"Kitchen fronts, coverpanels, plinths and deco strips",Wall cabinet with 2 drawers,2
"Kitchen fronts, coverpanels, plinths and deco strips",Wall cabinet with glass door,2
"Kitchen fronts, coverpanels, plinths and deco strips",Base cab f HAVSEN single bowl sink,1
"Kitchen fronts, coverpanels, plinths and deco strips",Base cab f sink/recycling/2 fronts,1
"Kitchen fronts, coverpanels, plinths and deco strips",Base cab f sink/waste sort/3 fronts,1
"Kitchen fronts, coverpanels, plinths and deco strips",Base cabinet for oven,1
"Kitchen fronts, coverpanels, plinths and deco strips",Base cabinet w 2 doors/3 drawers,1
"Kitchen fronts, coverpanels, plinths and deco strips",Base cabinet w/2 doors & 3 drawers,1
"Kitchen fronts, coverpanels, plinths and deco strips",Base cabinet w/pull-out organizers,1
"Kitchen fronts, coverpanels, plinths and deco strips",Base cb f cktp/2 drs/2 frnt/1 drwr,1
"Kitchen fronts, coverpanels, plinths and deco strips",Corner base cab w pull-out fitting,1
"Kitchen fronts, coverpanels, plinths and deco strips",Corner wall cab/carousel/glass door,1
"Kitchen fronts, coverpanels, plinths and deco strips","Deco strip, contoured edge",1
"Kitchen fronts, coverpanels, plinths and deco strips",Decorative toekick for dishwasher,1
"Kitchen fronts, coverpanels, plinths and deco strips",High cab w 2 drs/3 fronts/5 drawers,1
"Kitchen fronts, coverpanels, plinths and deco strips",High cab w door/3 fronts/5 drawers,1
"Kitchen fronts, coverpanels, plinths and deco strips",High cabinet for fridge/freezer,1
"Kitchen fronts, coverpanels, plinths and deco strips",High cabinet with shelves/4 doors,1
"Kitchen fronts, coverpanels, plinths and deco strips",Top cab f fridge/freezer w 2 doors,1
"Kitchen fronts, coverpanels, plinths and deco strips",Wall cab horiz gls door w push-open,1
"Kitchen fronts, coverpanels, plinths and deco strips",Wall cab horizo 2 doors w push-open,1
"Kitchen fronts, coverpanels, plinths and deco strips",Wall cabinet w 2 doors/2 drawers,1
"Kitchen fronts, coverpanels, plinths and deco strips",Wall cabinet with door/2 drawers,1
Kitchen interior organisers,Flatware tray,311
Kitchen interior organisers,Plastic bag dispenser,282
Kitchen interior organisers,Drawer mat,261
Kitchen interior organisers,Pot lid organiser,170
Kitchen interior organisers,Utensil tray,111
Kitchen interior organisers,Cutlery tray,109
Kitchen interior organisers,Waste bin,96
Kitchen interior organisers,Cover cap,68
Kitchen interior organisers,Bin with lid,51
Kitchen interior organisers,Pegboard drawer organiser,51
Kitchen interior organisers,Knife rack,22
Kitchen interior organisers,Plate holder,18
Kitchen interior organisers,Cutlery caddy,13
Kitchen interior organisers,Recycling solution,12
Kitchen interior organisers,Spice rack,11
Kitchen interior organisers,Adjustable organiser for drawer,10
Kitchen interior organisers,Towel rail,7
Kitchen interior organisers,Divider for drawer,6
Kitchen interior organisers,Waste sorting solution,4
Kitchen interior organisers,Cutlery tray/utensil tray,3
Kitchen interior organisers,Cutlery+utsl trays/tray w knife rck,3
Kitchen interior organisers,Cutlery tray/2 utensil trays,2
Kitchen interior organisers,Sliding organizer for drawer,2
Kitchen interior organisers,Cutlery tray/adj add-on tr,1
Kitchen interior organisers,Cutlery tray/tray with knife rack,1
Kitchen interior organisers,Utensil tray/tray with knife rack,1
Kitchen sinks      ,Apron front double bowl sink,47
Kitchen sinks      ,Sink strainer with stopper,26
Kitchen sinks      ,Apron front sink,19
Kitchen sinks      ,Sink,15
Kitchen sinks      ,"Inset sink, 1 bowl",8
Kitchen sinks      ,Lid,8
Kitchen sinks      ,1 1/2 bowl dual mount sink,7
Kitchen sinks      ,Double bowl dual mount sink,2
Kitchen sinks      ,Single bowl top mount sink,2
Kitchen sinks      ,Single bowl dual mount sink,1
Kitchen small furniture,Trolley,1325
Kitchen small furniture,Kitchen island,257
Kitchen small furniture,Kitchen trolley,243
Kitchen small furniture,Utility cart,217
Kitchen small furniture,Chopping board,112
Kitchen small furniture,"Stepladder, 3 steps",34
Kitchen small furniture,Work bench,34
Kitchen small furniture,Kitchen island with rack,28
Kitchen small furniture,Kitchen cart,26
Kitchen small furniture,Wall shelf,14
Kitchen small furniture,Rack for kitchen island,3
Kitchen utensils,Microwave lid,626
Kitchen utensils,Colander,503
Kitchen utensils,Garlic press,283
Kitchen utensils,Can opener,259
Kitchen utensils,Spice mill,241
Kitchen utensils,Spice jar,204
Kitchen utensils,"Scissors, set of 3",190
Kitchen utensils,Potato peeler,171
Kitchen utensils,"Scissors, set of 2",112
Kitchen utensils,Pestle and mortar,98
Kitchen utensils,Grater,94
Kitchen utensils,Strainer,93
Kitchen utensils,Salad spinner,89
Kitchen utensils,Jar opener,77
Kitchen utensils,Corkscrew,70
Kitchen utensils,"Salt/pepper shaker, set of 2",56
Kitchen utensils,Knife and peeler set of 3,55
Kitchen utensils,Meat hammer,55
Kitchen utensils,Potato press,52
Kitchen utensils,Lemon squeezer,50
Kitchen utensils,Scoop set of 2,45
Kitchen utensils,Funnel,44
Kitchen utensils,Grater with handle,44
Kitchen utensils,Handheld grater,33
Kitchen utensils,"Grater with container, set of 4",32
Kitchen utensils,"Spice jar with tray, set of 3",29
Kitchen utensils,Pizza cutter,28
Kitchen utensils,Peeler,27
Kitchen utensils,"Paring knife, set of 3",26
Kitchen utensils,Cheese slicer,21
Kitchen utensils,"Fruit cutter, set of 4",20
Kitchen utensils,Ice pop maker,18
Kitchen utensils,Vegetable scrubber,16
Kitchen utensils,Bottle with pour spout,15
Kitchen utensils,"Vegetable cutters, set of 2",14
Kitchen utensils,"Vegetable slicer, set of 2",13
Kitchen utensils,"Rotary grater, set of 2",12
Kitchen utensils,"Tenderizer tool, set of 2",12
Kitchen utensils,Ice-cream scoop,11
Kitchen utensils,Salt and pepper shakers,11
Kitchen utensils,"Egg slicer, set of 4",9
Kitchen utensils,Salad shaker with strainer,9
Kitchen utensils,Strainer/funnel set of 3,9
Kitchen utensils,Ice lolly maker,7
Kitchen utensils,Holder for kitchen utensils,5
Kitchen utensils,Handheld zester,4
Kitchen utensils,Food slicing assistant,3
Kitchen utensils,"Vegetable slicer, set of 4",3
Kitchen utensils,Mandoline,2
Kitchen utensils,Meat tenderizer,1
Kitchen utensils,Spice jars/bottles tray,1
Kitchen wall panels,Wall panel,7
Kitchen worktops,Countertop,388
Kitchen worktops,Countertop for kitchen island,49
Kitchen worktops,"Countertop, double-sided",11
Kitchen worktops,Custom countertop,7
Kitchen worktops,Worktop support fitting,7
Kitchen worktops,Diffusion barrier,3
Kitchenettes,Mini-kitchen,38
"Kits, tools and chemical products",Stick-on floor protectors set of 20,63
"Kits, tools and chemical products","Wood treatment oil, indoor use",22
"Kits, tools and chemical products",Paint,20
"Kits, tools and chemical products","Wood stain, outdoor use",11
Knives,3-piece knife set,294
Knives,Paring knife,157
Knives,Knife sharpener,125
Knives,Vegetable knife,124
Knives,Knife block,103
Knives,Utility knife,100
Knives,2-piece knife set,68
Knives,Cook's knife,57
Knives,Knife block with 3 knives,45
Knives,Meat cleaver,27
Knives,Bread knife,25
Knives,Chef's knife,20
Knives,5-piece knife set,7
Knobs & handles,Handle,293
Knobs & handles,Knob,135
Knobs & handles,Drill template,23
Knobs & handles,Leather handle,22
Knobs & handles,Cup cabinet pull,13
Knobs & handles,Drop pull,2
Knobs & handles,Cup handle,1
Laundry & laundry accessories,"Drying rack, indoor/outdoor",368
Laundry & laundry accessories,"Flexi laundry basket, in-/outdoor",277
Laundry & laundry accessories,Hanging dryer 16 clothes pegs,246
Laundry & laundry accessories,Laundry basket,127
Laundry & laundry accessories,"Drying rack, in/outdoor",126
Laundry & laundry accessories,Laundry bag with stand,117
Laundry & laundry accessories,"Ironingboard, table",108
Laundry & laundry accessories,Ironing board,90
Laundry & laundry accessories,"Flexible laundry basket, in/outdoor",88
Laundry & laundry accessories,Clothes pin,28
Laundry & laundry accessories,Hanger with 8 grip clips,21
Laundry & laundry accessories,Laundry basket with wheels,9
Laundry & laundry accessories,Flexible laundry basket,4
Laundry & laundry accessories,Laundry bag,2
Laundry & laundry accessories,Clothes peg,1
Laundry & laundry accessories,Hang dryer 24 clothes pegs,1
Lifestyle and play,Step-up board,1
Light sources,LED bulb PAR20 E26 500 lumen,4
Light sources,LED bulb E26 4000lm,2
Light sources,LED bulb PAR38 E26 900 lumen,2
Mattress pads,Mattress topper,198
Mattresses,Spring mattress,1958
Mattresses,Eurotop mattress,227
Mattresses,Gel memory foam mattress,28
Mattresses,Foam mattress,13
"Meat, fish & seafood",Salmon fillet,657
"Meat, fish & seafood",Cured cold smoked salmon,214
"Meat, fish & seafood",Cured salmon,193
"Meat, fish & seafood",Cold smoked salmon,171
"Meat, fish & seafood",Marinated herring w mustard sauce,83
"Meat, fish & seafood",Peeled shrimps,44
"Meat, fish & seafood",Marinated herring with dill,27
Microwave ovens,Over-the-range microwave,26
Microwave ovens,Over the range microwave,10
Microwave ovens,Built-in microwave,5
Microwave ovens,Microwave oven,1
Mirrors,Mirror,703
Mirrors,Table mirror,63
Mugs and cups,Mug,902
Mugs and cups,Coaster,377
Mugs and cups,Coffee cup and saucer,18
Mugs and cups,Tumbler,15
Mugs and cups,Cup and saucer,14
Mugs and cups,Cup with saucer,9
Mugs and cups,Jumbo cup,5
Napkins,Paper napkin,1475
Napkins,Napkin holder,263
Napkins,Papertowel holder,93
Napkins,Napkin,51
Napkins,Kitchen roll holder,26
Non upholstered chairs,Chair,1466
Non upholstered chairs,Folding chair,299
Non upholstered chairs,Chair with armrests,17
Non upholstered chairs,Seat shell,5
Non upholstered chairs,"Chair with armrests, in/outdoor",2
Office chairs,Pair of armrests,4
Office chairs,Star base with 5 legs and castors,2
Office desks and tables,Desk,130
Office desks and tables,Desk sit/stand,56
Office desks and tables,Tabletop,46
Office desks and tables,Underframe for table top,36
Office desks and tables,Corner desk-left,33
Office desks and tables,Table top,23
Office desks and tables,Underframe sit/stand f table top,21
Office desks and tables,Corner desk right,20
Office desks and tables,Corner desk-right,16
Office desks and tables,Underframe for corner table top,16
Office desks and tables,Right-hand corner table top,9
Office desks and tables,Left-hand corner table top,3
Office desks and tables,Table,1
Office desks and tables,Underframe,1
Office storage,Drawer unit/drop file storage,51
Office storage,Cabinet with sliding doors,49
Office storage,Cabinet with doors,42
Office storage,File cabinet,35
Office storage,Storage unit on casters,33
Office storage,Drawer unit w 2 drawers on casters,26
Office storage,Drawer unit,25
Office storage,Cabinet with doors and drawers,23
Office storage,Drawer unit on casters,21
Office storage,High cabinet with drawer and doors,17
Office storage,Cabinet with sliding glass doors,14
Office storage,Drawer unit with drop-file storage,14
Office storage,Shelving unit,14
Office storage,Utility cart,13
Office storage,Drawer unit on castors,11
Office storage,Caster,7
Office storage,Storage combination with filing,7
Office storage,Shelf unit,2
Office storage,Storage combination w sliding doors,1
Office storage,Storage unit,1
Open storage,Shelving unit,4222
Open storage,Shelf unit,1515
Open storage,Insert with 2 drawers,430
Open storage,Insert with door,263
Open storage,Shelving unit with underframe,169
Open storage,Cabinet,163
Open storage,Cabinet with 4 compartments,112
Open storage,Shelving unit with doors,97
Open storage,Base on legs,92
Open storage,Shelving unit with 4 inserts,92
Open storage,Insert with 1 shelf,76
Open storage,Open shelving unit,76
Open storage,Shelving unit with base,67
Open storage,Insert with 4 shelves,64
Open storage,Insert for bottles,62
Open storage,Wire basket,58
Open storage,Shelf unit with 4 inserts,53
Open storage,Wall-mounted shelving unit,38
Open storage,Shelf unit on casters,37
Open storage,Insert with compartments,32
Open storage,Storage combination,32
Open storage,Cabinet combination with legs,24
Open storage,Desk combination,20
Open storage,Storage combination with feet,20
Open storage,Underframe,19
Open storage,Shelving unit with 10 shelves,18
Open storage,Shelving unit with 6 inserts,14
Open storage,Shelving unit with drawers,14
Open storage,Shelf unit with 2 inserts,12
Open storage,Wall-mounted cabinet combination,11
Open storage,Cabinet combination with feet,10
Open storage,Shelving unit with 2 inserts,10
Open storage,Shelving unit with 4 shelves,9
Open storage,Wall-mounted shelving unit w 4 comp,9
Open storage,Shelving unit with 10 inserts,7
Open storage,Wall cabinet with glass door,7
Open storage,Shelving unit with plinth,6
Open storage,Storage combination with shelf,6
Open storage,Wall cabinet with 2 drawers,6
Open storage,Drawer unit with 2 drawers,4
Open storage,Shelving unit with 6 shelves,4
Open storage,Shelving unit with laptop table,4
Open storage,Shelf unit with 10 inserts,3
Open storage,Shelf unit with drawers,2
Open storage,TV storage combination,2
Open storage systems,Shelf,128
Open storage systems,Wardrobe combination,127
Open storage systems,Storage combination,116
Open storage systems,Side panel with leg,78
Open storage systems,Frame,77
Open storage systems,Mesh basket,75
Open storage systems,Wire basket,53
Open storage systems,Bracket,46
Open storage systems,Clothes rail,43
Open storage systems,Shelf unit,39
Open storage systems,Wall upright,33
Open storage systems,Suspension rail,31
Open storage systems,Drawer,29
Open storage systems,Shelving unit,29
Open storage systems,Drawer without front,28
Open storage systems,Mounting rail,28
Open storage systems,Shoe shelf,27
Open storage systems,Extendable clothes rail,21
Open storage systems,Top shelf for frame,20
Open storage systems,Drawer front,17
Open storage systems,Open storage combination,14
Open storage systems,Post,13
Open storage systems,Side unit,13
Open storage systems,Wire shelf,12
Open storage systems,Cross-brace,11
Open storage systems,2 legs and 2 castors,10
Open storage systems,Bracket for post,9
Open storage systems,Pull-out rail for baskets,9
Open storage systems,Pair of legs,8
Open storage systems,Adjustable clothes rail,7
Open storage systems,Adjustable shelf,5
Open storage systems,Drying rack,5
Open storage systems,Wire basket with pull-out rail,5
Organisers,Holder for mobile phone/tablet,345
Organisers,Holder for mobile phone,316
Organisers,Magazine file,240
Organisers,Mini chest of drawers,227
Organisers,Desk pad,202
Organisers,Shelf insert,199
Organisers,Letter tray,189
Organisers,Insert with 8 compartments,128
Organisers,Desk organizer,114
Organisers,Organiser,85
Organisers,Tablet stand,85
Organisers,Wall newspaper rack,57
Organisers,Holder for tablet,48
Organisers,Tray,42
Organisers,Desktop shelf,39
Organisers,Desk organiser,38
Organisers,Pencil cup,30
Organisers,Laptop/monitor stand,28
Organisers,Clip-on basket,22
Organisers,Basket,18
Organisers,"Basket hanging, set of 2",18
Organisers,Mini chest with 3 drawers,17
Organisers,Clip-on multi-purpose rack,16
Organisers,Clip-on towel rack,14
Organisers,Clip-on hook rack,13
Organisers,Cable management box with lid,12
Organisers,Hanging basket,12
Organisers,Organizer,12
Organisers,Box,11
Organisers,Basket with compartments,8
Organisers,"Cable tie, set of 15",7
Organisers,"Box with compartments, set of 2",6
Organisers,Insert with compartments,3
Organisers,Box with compartments,1
Organisers,Box with lid,1
Organisers,Cable organizer for drawer,1
Organisers and washing-up,Sponge,506
Organisers and washing-up,Dish drainer,407
Organisers and washing-up,Kitchen utensil rack,337
Organisers and washing-up,Dish drying mat,289
Organisers and washing-up,Dish brush,284
Organisers and washing-up,Cleaning gloves,251
Organisers and washing-up,Cutlery stand,184
Organisers and washing-up,Plate holder,159
Organisers and washing-up,Dish-washing brush,157
Organisers and washing-up,Colander,75
Organisers and washing-up,"Dish drainer, double-sided",52
Organisers and washing-up,Multifunctional dish rack,47
Organisers and washing-up,Soap dispenser,37
Organisers and washing-up,Glass rack,27
Organisers and washing-up,Dish-washing brush refills,26
Organisers and washing-up,Sink container,21
Organisers and washing-up,Dish drying rack,18
Organisers and washing-up,Dish-washing brush with dispenser,16
Organisers and washing-up,Dish brush with soap dispenser,14
Organisers and washing-up,Kitchen ut rck/plate hldr/dsh drnr,13
Organisers and washing-up,Washing-up bowl,12
Organisers and washing-up,Dish drying shelf,11
Organisers and washing-up,3-piece dish sponge set w dispenser,10
Organisers and washing-up,Utensil holder tray,10
Organisers and washing-up,Kitchen countertop organiser,1
Oriental rugs,Rug,15
Other appliances accessories,Filler piece/stove separator,5
Other appliances accessories,Filler piece f over the range micro,2
Other appliances accessories,Cooktop to drawer separator,1
Other appliances accessories,Microwave trim kit,1
Outdoor accessories & covers,Plant stand,68
Outdoor accessories & covers,Flower box,25
Outdoor accessories & covers,Net,20
Outdoor accessories & covers,Trellis,12
Outdoor accessories & covers,Privacy screen,10
Outdoor approved storage,Shelf unit,280
Outdoor approved storage,Shelving unit,197
Outdoor approved storage,"Shelving unit, outdoor",71
Outdoor approved storage,Cabinet in/outdoor,63
Outdoor approved storage,"Storage box, outdoor",20
Outdoor approved storage,Shelving unit in/outdoor,18
Outdoor approved storage,"Shelf unit, indoor/outdoor",14
Outdoor approved storage,Shelving unit with cabinet,8
Outdoor approved storage,Cabinet with doors,5
Outdoor approved storage,"Cabinet, indoor/outdoor",5
Outdoor approved storage,Storage box,5
Outdoor approved storage,Shelving unit with 2 cabinets,2
Outdoor approved storage,Storage box and privacy screen,1
Outdoor dining seating,"Chair, outdoor",150
Outdoor dining seating,"Table+2 chairs, outdoor",119
Outdoor dining seating,"Stool, outdoor",78
Outdoor dining seating,"Armchair, outdoor",70
Outdoor dining seating,"Bistro set, outdoor",59
Outdoor dining seating,"Bench, outdoor",41
Outdoor dining seating,"Chair with armrests, outdoor",28
Outdoor dining seating,"Reclining chair, outdoor",19
Outdoor dining seating,"Chair, in/outdoor",15
Outdoor dining seating,"Bench with backrest, outdoor",11
Outdoor dining seating,"Rocking chair, outdoor",8
Outdoor dining seating,"Table and 4 armchairs, outdoor",8
Outdoor dining seating,"Bar stool with backrest, outdoor",6
Outdoor dining seating,"Bar stool, outdoor",4
Outdoor dining seating,"Table+4 chairs, outdoor",4
Outdoor dining seating,"Table+6 chairs, outdoor",3
Outdoor dining seating,"Chair with armrests, in/outdoor",2
Outdoor dining seating,Bar table and 4 bar stools,1
Outdoor dining seating,"Table+2 folding chairs, outdoor",1
Outdoor dining seating,"Table, 3 armchairs + bench, outdoor",1
Outdoor dining tables,"Table, outdoor",277
Outdoor dining tables,Children's picnic table,54
Outdoor dining tables,"Bar table, outdoor",11
Outdoor dining tables,"Table, in/outdoor",5
Outdoor dining tables,"Bar table and 2 bar stools, outdoor",2
Outdoor dining tables,"Table and 2 folding chairs, outdoor",2
Outdoor dining tables,"Table, 2 chairs and bench, outdoor",1
Outdoor flooring,"Floor decking, outdoor",609
Outdoor flooring,"Decking, outdoor",88
Outdoor flooring,"Edging strip, outdoor decking",33
Outdoor flooring,"Corner strip, outdoor floor decking",7
Outdoor flooring,"Bottom part, outdoor floor decking",4
Outdoor flooring,"Top part, outdoor floor decking",2
Outdoor kitchens & cooking,Kitchen island shelf unit,37
Outdoor kitchens & cooking,Door/side units/back,16
Outdoor kitchens & cooking,Charcoal barbecue,6
Outdoor kitchens & cooking,Storage box,5
Outdoor kitchens & cooking,Kitchen island w back panel,3
Outdoor kitchens & cooking,"Kitchen with charcoal bbq, outdoor",3
Outdoor kitchens & cooking,Kitchen island,2
Outdoor kitchens & cooking,Kitchen island w side table,2
Outdoor kitchens & cooking,Charcoal barbecue w side table,1
Outdoor lighting and lighting chains,"LED string light w/16lights,outdoor",65
Outdoor lighting and lighting chains,LED string light with 40 lights,44
Outdoor lighting and lighting chains,LED lighting chain with 40 lights,32
Outdoor lighting and lighting chains,LED string light with 12 lights,32
Outdoor lighting and lighting chains,LED lighting chain with 12 lights,31
Outdoor lighting and lighting chains,Wall lamp,2
Outdoor lighting and lighting chains,Pendant lamp,1
Outdoor lighting and lighting chains,"Wall lamp, hardwire installation",1
Outdoor sofas & relax,"Armchair, outdoor",152
Outdoor sofas & relax,"Coffee table, outdoor",40
Outdoor sofas & relax,"Deck chair, outdoor",28
Outdoor sofas & relax,"Wing chair, in/outdoor",17
Outdoor sofas & relax,"Loveseat, outdoor",15
Outdoor sofas & relax,"Bench with backrest, outdoor",9
Outdoor sofas & relax,"Corner section, outdoor",9
Outdoor sofas & relax,"One-seat section, outdoor",7
Outdoor sofas & relax,"Backrest for modular sofa, outdoor",5
Outdoor sofas & relax,"Lounge chair, outdoor",4
Outdoor sofas & relax,"2-seat sofa, outdoor",3
Outdoor sofas & relax,"Chair, outdoor",3
Outdoor sofas & relax,"Rocking-chair, in/outdoor",3
Outdoor sofas & relax,"Seat sec for modular sofa, outdoor",2
Outdoor sofas & relax,Sun lounger,2
Outdoor sofas & relax,Beach chair,1
Outdoor sofas & relax,"Hammock stand, outdoor",1
Outdoor sofas & relax,"Nesting tables, set of 2",1
Ovens,Wall oven with true conv+self-clean,4
Ovenware,Oven dish,273
Ovenware,Roasting tin with grill rack,174
Ovenware,Roasting pan,91
Ovenware,Oven/serving dish,79
Ovenware,Pizza crisper pan,17
Ovenware,"Oven/serving dish, set of 2",14
Ovenware,Lid,12
Ovenware,"Oven dish, set of 2",10
Ovenware,Oven/serving dish with lid,3
Pans,Frying pan,586
Pans,Wok,361
Pans,Grilling pan,270
Pans,"Frying pan, set of 2",172
Pans,Pan lid,48
Pans,Wok with lid,41
Pans,Sauté pan,21
Pans,Lid for pan,18
Pans,Grill pan,10
Pans,Saucepan,7
Parasols & gazebos,"Parasol, hanging",51
Parasols & gazebos,Umbrella base,46
Parasols & gazebos,Offset patio umbrella with base,42
Parasols & gazebos,Parasol,32
Parasols & gazebos,Patio umbrella,29
Parasols & gazebos,Offset patio umbrella,18
Parasols & gazebos,"Umbrella, hanging",9
Parasols & gazebos,Canopy,6
Parasols & gazebos,Parasol base,4
Parasols & gazebos,Parasol with base,1
Parasols & gazebos,Patio umbrella with base,1
"Pastries, desserts and cookies",Biscuits,1537
"Pastries, desserts and cookies",Ginger thins,559
"Pastries, desserts and cookies",Oat biscuits,431
"Pastries, desserts and cookies",Ginger thins with almonds,220
"Pastries, desserts and cookies",Cookies with almonds,144
Pendant lamps,"Chandelier w light bulbs, 13-armed",14
Pendant lamps,Pendant lamp,14
Pet accessories,Scratching mat,185
Pet accessories,Litter tray,93
Pet accessories,Bowl,88
Pet accessories,"Cat house, igloo",52
Pet accessories,Cat litter scoop,46
Pet accessories,Place mat for food bowl,23
Physical play & imagination,Play kitchen,304
Physical play & imagination,20-piece basic train set,204
Physical play & imagination,LEGO® box with lid,154
Physical play & imagination,5-piece toy cookware set,99
Physical play & imagination,Toy vehicle,87
Physical play & imagination,Doll house/wall shelf,73
Physical play & imagination,50-piece track set,67
Physical play & imagination,"LEGO® box with lid, set of 3",64
Physical play & imagination,3-piece train set,63
Physical play & imagination,45-piece train set with track,63
Physical play & imagination,5-piece toy kitchen utensil set,57
Physical play & imagination,Toy figure,34
Physical play & imagination,Garage with tow truck,31
Physical play & imagination,Prize wheel game,31
Physical play & imagination,Wall shelf,30
Physical play & imagination,Abacus,29
Physical play & imagination,5-piece train bridge set,27
Physical play & imagination,Glass,26
Physical play & imagination,Building beakers,24
Physical play & imagination,Baby gym,23
Physical play & imagination,Rail,23
Physical play & imagination,Rocking moose,22
Physical play & imagination,Toddler walker,20
Physical play & imagination,40-piece wooden building block set ,19
Physical play & imagination,Turntable,12
Physical play & imagination,Shape sorter,11
Physical play & imagination,Toy hammering block,11
Physical play & imagination,Pull toy,9
Physical play & imagination,Bead maze,6
Physical play & imagination,Stacking rings,3
Physical play & imagination,13-piece toy tool set,2
Physical play & imagination,"Cards w letters, numbers, signs",1
Pictures,Picture,78
Pictures,"Picture, set of 3",58
Pictures,"Picture, set of 9",50
Pictures,Frame,20
Pictures,Picture and frame,13
Pictures,"Picture, set of 4",9
Pictures,Picture with frame,5
Pictures,Poster,5
Pictures,Frame with poster,2
Pillows,Body pillow,48
Plant pots,Plant pot,1348
Plant pots,Plant stand,507
Plant pots,Watering can,281
Plant pots,Plant pot with saucer,231
Plant pots,Self-watering plant pot,175
Plant pots,Plant mister,150
Plant pots,Hanging planter,118
Plant pots,Spray bottle,112
Plant pots,Greenhouse,58
Plant pots,Hanging plant holder,33
Plant pots,Plant stand with 5 plant pots,28
Plant pots,Plant mover,18
Plant pots,Planter,18
Plant pots,Vase,18
Plant pots,Decoration greenhouse,6
Plant pots,Potting mat,4
Plant pots,Plant stand with 3 plant pots,3
Plant pots,Plant stand with wheels,3
Plant pots,Propagation set,2
Plant pots,Plant support set of 2,1
Plants,Potted plant,2300
Plants,Plant,345
Plants,Plant with pot,111
Plants,Hanging plant,28
Plants,Potted plant in mug,19
Pots and cooking accessories,Pot stand,731
Pots and cooking accessories,5-piece cookware set,280
Pots and cooking accessories,Pot with lid,195
Pots and cooking accessories,Saucepan with lid,119
Pots and cooking accessories,Trivet,101
Pots and cooking accessories,Splatter screen,90
Pots and cooking accessories,"Saucepan, set of 3",71
Pots and cooking accessories,"Universal lid, set of 3",60
Pots and cooking accessories,Lid,40
Pots and cooking accessories,"Trivet, magnetic",39
Pots and cooking accessories,Steamer insert,31
Pots and cooking accessories,Cookware set of 6,22
Pots and cooking accessories,6-piece cookware set,21
Pots and cooking accessories,Double-boiler insert,16
Pots and cooking accessories,Steamer,12
Pots and cooking accessories,9-piece cookware set,9
Pots and cooking accessories,7-piece cookware set,7
"Power supply, charging and accessories",Rechargeable battery,197
"Power supply, charging and accessories",Lithium battery,180
"Power supply, charging and accessories",6-way adaptor plug,120
"Power supply, charging and accessories",USB-A to USB-C,41
"Power supply, charging and accessories",Cable management,26
"Power supply, charging and accessories",USB-C to USB-C,19
"Power supply, charging and accessories",USB-A to lightning,15
"Power supply, charging and accessories",USB-A to USB-micro,13
Rugs,"Rug, low pile",764
Rugs,"Rug, flatwoven",677
Rugs,"Rug, high pile",554
Rugs,Cowhide,204
Rugs,"Rug flatwoven, in/outdoor",184
Rugs,Rug,80
Rugs,Exercise mat,1
"Sauces, jam & condiments",Lingonberry jam,908
"Sauces, jam & condiments",Orange- and elderflower marmalade,305
"Sauces, jam & condiments",Sauce for salmon,202
"Sauces, jam & condiments",Blueberry jam,174
"Sauces, jam & condiments",Rasp- and blueberry jam,145
"Sauces, jam & condiments",Cloudberry jam,130
"Sauces, jam & condiments",Strawberry jam,124
"Sauces, jam & condiments",Fried onion,118
"Sauces, jam & condiments",Lemon- and dill sauce,69
"Sauces, jam & condiments",Mild mustard,56
Secondary storage,Shelving unit,295
Secondary storage,Shelf,241
Secondary storage,1 shelf section,169
Secondary storage,Side unit,138
Secondary storage,Shelf unit,112
Secondary storage,Clip-on basket,105
Secondary storage,Cabinet,71
Secondary storage,Trolley,69
Secondary storage,Cross-brace,64
Secondary storage,Post,49
Secondary storage,Work bench,41
Secondary storage,Bottle shelf,27
Secondary storage,1 section,25
Secondary storage,Utility cart,21
Secondary storage,Hook for side unit,19
Secondary storage,2 shelf sections,18
Secondary storage,Shelving unit with 3 baskets,17
Secondary storage,2 section shelving unit,15
Secondary storage,Cabinet with doors,13
Secondary storage,Shelf liner,13
Secondary storage,4 section shelving unit,12
Secondary storage,Folding table,12
Secondary storage,Table,12
Secondary storage,Wall cabinet with doors,11
Secondary storage,1 section shelving unit,10
Secondary storage,Bottle rack,10
Secondary storage,End protector,9
Secondary storage,Shelving unit with cabinets,9
Secondary storage,2 sections/shelves,8
Secondary storage,Bottle shelving unit,8
Secondary storage,Cabinet with 2 doors,8
Secondary storage,Shelving unit with clothes rail,8
Secondary storage,3 sections/shelves,7
Secondary storage,Work bench with drawers,7
Secondary storage,1 section/shelves,6
Secondary storage,Base on legs,5
Secondary storage,Shelving unit with cabinet,5
Secondary storage,3 section shelving unit,4
Secondary storage,Drawer,4
Secondary storage,2 section shelving unit w/cabinet,2
Secondary storage,Shelf unit w cabinets/drawers,2
Secondary storage,Door,1
Secondary storage,Shelving unit with drawers/shelves,1
Serving,Serving bowl,1078
Serving,Serving plate,124
Serving,Cake stand with lid,105
Serving,"Serving stand, three tiers",55
Serving,Cake carrier,49
Serving,Lazy Susan,43
Serving,Deep plate/bowl,36
Serving,Serving tong,32
Serving,Serving tray,18
Serving,2-piece salad servers set,16
Serving,"Serving stand, two tiers",14
Serving,Tray with 3 bowls,13
Serving,Basket,7
Serving,Cake stand,3
Serving,Platter with stand,2
Serving,"Serving tray, set of 2",2
Serving,Serving container with lid,1
"Shades, bases and cord set",Pendant lamp shade,317
"Shades, bases and cord set",Lamp shade,297
"Shades, bases and cord set",Cord set with switch,25
"Shades, bases and cord set",Cord set with switch and LED bulb,12
"Shades, bases and cord set",Table lamp base,5
Sheets and pillow cases,Sheet set,975
Sheets and pillow cases,Elastic strap,28
Sheets and pillow cases,4-piece sheet set,15
Sheets and pillow cases,Pillowcase for ergonomic pillow,8
Sheets and pillow cases,Flat sheet,1
Shower curtains and accessories,Shower curtain,281
Shower curtains and accessories,Shower curtain rod,46
Shower curtains and accessories,Shower curtain tension rod,44
Shower curtains and accessories,Shower curtain ring,33
Shower curtains and accessories,Shower curtain rings,23
Shower mixers and accessories,5-spray shower head,32
Shower mixers and accessories,Riser rail with hand shower/outlet,8
Shower mixers and accessories,Bath/shower set thermostatic faucet,6
Shower mixers and accessories,Showerhead with thermostatic faucet,2
Sideboards,Sideboard,161
Sleep furniture for children,Storage box with castors,8
Sleep furniture for small children,Bed frame with slatted bed base,33
Sleep furniture for small children,Slatted bed base,19
Sleep furniture for small children,"Bed frame and guard rail, junior",4
Sleep furniture for small children,Bed frame and guard rail,1
Small rugs and runners,"Rug, flatwoven",578
Small rugs and runners,Rug,314
Small rugs and runners,"Rug, low pile",175
Small rugs and runners,"Rug flatwoven, in/outdoor",129
Small rugs and runners,"Rug, high pile",32
Sofa beds,Sleeper sofa,30
Sofa beds,Sofabed,13
Sofa beds,Two-seat sofa-bed frame,10
Sofa beds,Storage box 2-seat sofa-bed,9
Sofa beds,Cover for sleeper sofa,7
Sofa beds,Cover for loveseat sleeper section,3
Sofa beds,Frame for loveseat sleeper section,2
Sofa tables,Coffee table,1246
Sofa tables,Side table,758
Sofa tables,Tray table,348
Sofa tables,Storage table,182
Sofa tables,"Nest of tables, set of 2",127
Sofa tables,Side table on castors,52
Sofa tables,Armrest tray,43
Sofa tables,Console table,37
Sofa tables,Serving cart with storage,35
Sofa tables,"Nesting tables, set of 2",29
Sofa tables,Side table on casters,27
Sofa tables,Side table with storage,11
Sofa tables,Trolley,1
Sofas,Sofa,292
Sofas,Cover for sofa,85
Sofas,Loveseat,54
Sofas,Leg,49
Sofas,"Sectional, 4-seat corner",35
Sofas,Sofa with chaise,34
Sofas,Cover for loveseat,29
Sofas,Chaise,27
Sofas,"Cover for sectional, 4-seat",18
Sofas,"Sectional, 5-seat corner",18
Sofas,Cover for sofa section,16
Sofas,Cover for loveseat section,15
Sofas,Chaise section,14
Sofas,Loveseat with chaise,13
Sofas,Armrest,11
Sofas,Cover for chaise section,11
Sofas,Loveseat section,9
Sofas,Sofa section,9
Sofas,Cover for armrest,7
Sofas,Headrest,6
Sofas,1-seat section,5
Sofas,Chaise cover,5
Sofas,Cover for headrest,5
Sofas,"Sectional, 4-seat",5
Sofas,Corner section,4
Sofas,Cover for 1-seat section,3
Sofas,Legs for sofa,3
Sofas,Armchair,1
Sofas,Cover f 3-seat sofa w chaise lounge,1
Sofas,Cover for corner section,1
Sofas,"Cover for sectional, 5-seat",1
Sofas,Sofa with chaise lounge,1
Solitaire cabinets,Cabinet with doors,344
Solitaire cabinets,Cabinet,240
Solitaire cabinets,Cabinet with base,199
Solitaire cabinets,High cabinet with 2 doors,196
Solitaire cabinets,Cabinet with plinth,147
Solitaire cabinets,Cabinet with 2 drawers,100
Solitaire cabinets,Cabinet w 2 doors and 1 shelf,87
Solitaire cabinets,Cabinet with door,73
Solitaire cabinets,Storage combination,49
Solitaire cabinets,Storage combination with doors,47
Solitaire cabinets,Cabinet with sliding doors,44
Solitaire cabinets,Cabinet w door and 1 shelf,25
Solitaire cabinets,Cabinet combination with legs,21
Solitaire cabinets,Cabinet with 2 doors,21
Solitaire cabinets,Glass door,14
Solitaire cabinets,Storage combination with legs,12
Solitaire cabinets,Cabinet combination,10
Solitaire cabinets,Storage combination w/glass doors,7
Solitaire cabinets,Cabinet with door and shelf,5
Solitaire cabinets,Storage combination w glass-doors,5
Solitaire cabinets,Cabinet combination with feet,2
Solitaire cabinets,Storage combination with feet,2
Solitaire cabinets,Shelving combination,1
Solitaire wardrobes,Wardrobe with 3 doors,114
Solitaire wardrobes,Wardrobe,100
Solitaire wardrobes,Wardrobe with sliding doors,98
Solitaire wardrobes,Wardrobe with 2 doors,26
Solitaire wardrobes,Open wardrobe,19
Solitaire wardrobes,Open wardrobe with sliding door,17
Solitaire wardrobes,Shelf,16
Sorting bins,Bin with lid,636
Sorting bins,Storage bag,443
Sorting bins,Waste sorting bin with lid,381
Sorting bins,Trash can,254
Sorting bins,Waste bin,240
Sorting bins,Bag,237
Sorting bins,Pedal bin,203
Sorting bins,Wastepaper basket,64
Sorting bins,Recycling bag,27
Sorting bins,Trash can for cabinet with door,15
Sorting bins,Waste sorting bag,7
Sound & sound accessories,Bookshelf speaker floor stand,11
Sound & sound accessories,Bookshelf speaker wall bracket,9
Sound & sound accessories,Wall bracket,6
Sound & sound accessories,Shade for speaker lamp base,4
Sound & sound accessories,Speaker hook,2
Stationery,Key band,11
Stools,Stool,521
Stools,Stool with storage,58
Stools,"Stool, set of 2",14
"Sweets, chocolate & snacks",Jelly candy,174
"Sweets, chocolate & snacks",Potato crisps,104
"Sweets, chocolate & snacks",Mix of jelly candy,91
"Sweets, chocolate & snacks",Salty liquorice,74
"Sweets, chocolate & snacks",Sweet licorice,72
"Sweets, chocolate & snacks",Mix of sweet and sour jelly candy,53
"Sweets, chocolate & snacks",Sour jelly candy,52
"Sweets, chocolate & snacks",Nut bar,43
"Sweets, chocolate & snacks",Sour foam candy,42
System furniture,Frame,502
System furniture,Soft closing/push-open hinge,176
System furniture,Door,163
System furniture,Shelf,145
System furniture,Leg,132
System furniture,Door/drawer front,117
System furniture,Storage combination with doors,117
System furniture,Glass door,73
System furniture,Suspension rail,61
System furniture,Shelf unit with doors,56
System furniture,Drawer frame,48
System furniture,Glass shelf,48
System furniture,Top panel,38
System furniture,Shelf unit with door,37
System furniture,Drawer front,29
System furniture,Supporting leg,26
System furniture,Wall-mounted cabinet combination,26
System furniture,"Foot, adjustable",22
System furniture,"Drawer runner, soft-closing",21
System furniture,"Drawer runner, push-open",16
System furniture,Connection fittings,12
System furniture,TV bench,12
System furniture,Storage combination w doors/drawers,11
System furniture,Storage combination with drawers,11
System furniture,TV unit with doors,10
System furniture,Plinth,9
System furniture,Shelf unit with glass door,9
System furniture,TV bench with doors,7
System furniture,Shelf unit with glass doors,6
System furniture,Cabinet unit,5
System furniture,TV bench with drawers,5
System furniture,Storage combination w glass doors,4
System furniture,TV unit with drawers,4
System furniture,TV bench with drawers and door,3
System furniture,Base frame,2
System furniture,Cabinet,2
System furniture,TV storage combination/glass doors,1
System furniture,Wall cabinet with 2 doors,1
System wardrobes,Wardrobe frame,469
System wardrobes,2 wardrobe frames,252
System wardrobes,Door,109
System wardrobes,Door with hinges,55
System wardrobes,Add-on corner unit with 4 shelves,46
System wardrobes,4 panels for sliding door frame,36
System wardrobes,Pair of sliding doors,33
System wardrobes,4 wardrobe frames,23
System wardrobes,3 wardrobe frames,20
System wardrobes,Wardrobe with 2 doors,19
System wardrobes,Wardrobe,17
System wardrobes,Mirror door,4
System wardrobes,Wardrobe with 1 door,4
System wardrobes,Sliding door frame,3
System wardrobes,Wardrobe combination,3
System wardrobes,6 wardrobe frames,2
System wardrobes,Corner wardrobe,2
System wardrobes,Pair of sliding door frames & rail,2
System wardrobes,Pair of sliding door frames w rail,2
TV & Media Furniture,TV bench,2140
TV & Media Furniture,TV storage unit,119
TV & Media Furniture,TV storage combination,76
TV & Media Furniture,TV unit,64
TV & Media Furniture,TV unit with base,47
TV & Media Furniture,TV bench with doors,28
TV & Media Furniture,TV unit with doors,23
TV & Media Furniture,Top panel for TV,19
TV & Media Furniture,TV storage combination/glass doors,14
TV & Media Furniture,TV bench with doors and drawers,5
TV & Media Furniture,TV unit with doors and drawers,1
Table lamps,Table lamp with LED bulb,3
Table lamps,Table lamp,1
Tables,Extendable table,806
Tables,Table,640
Tables,Table and 4 chairs,446
Tables,Gateleg table,285
Tables,Dining table,272
Tables,Wall-mounted drop-leaf table,70
Tables,Drop-leaf table,59
Tables,Table top,25
Tables,Table and 2 chairs,23
Tables,Table and 6 chairs,18
Tables,Gateleg table with storage,16
Tables,Tabletop,14
Tables,Nesting tables with stools set of 4,13
Tables,Underframe,13
Tables,Wall-mount drop-leaf tbl w storage,12
Tables,Bar table,6
Tables,Utility cart,5
Tables,Bar table and 4 bar stools,3
Tables,Table and 2 stools,3
Tables,Bar table and 2 bar stools,2
Tables,Table with 2 chairs and bench,1
Throws,Throw,514
Towels,Bath towel,437
Towels,Bath sheet,256
Towels,Washcloth,210
Towels,Hand towel,3
Towels,Hand/bath towels set I,3
Towels,Bath poncho with hood,2
Towels,Guest towel,1
Towels,Hand/bath towels set G,1
Trays,Tray,714
Trays,Bed tray,283
Upholstered chairs,Chair cover,38
Upholstered chairs,Chair,21
Upholstered chairs,"Chair cover, long",11
Upholstered chairs,"Chair cover, medium long",6
Upholstered chairs,Cover for chair with armrests,1
"Vases, bowls and accessories",Vase,546
"Vases, bowls and accessories","Decoration, hand",189
"Vases, bowls and accessories","Decoration, set of 3",147
"Vases, bowls and accessories",Artist's dummy,138
"Vases, bowls and accessories",Vase/jug,115
"Vases, bowls and accessories",Bowl,105
"Vases, bowls and accessories",Glass dome with base,100
"Vases, bowls and accessories",Decoration,49
"Vases, bowls and accessories","Vase, set of 3",49
"Vases, bowls and accessories",Vase/watering can,44
"Vases, bowls and accessories",Decorative hourglass,41
"Vases, bowls and accessories","Vase/bowl, set of 3",34
"Vases, bowls and accessories",Decoration dish,27
"Vases, bowls and accessories","Decorative figure, set of 3",27
"Vases, bowls and accessories",Vase with metal insert,14
"Vases, bowls and accessories",Decorative box,5
"Vases, bowls and accessories","Decorative house, set of 3",5
"Vases, bowls and accessories",Decoration set of 3,1
Wall accessories,Picture ledge,1040
Wall accessories,Wall decoration,68
Wall accessories,Display shelf,54
Wall accessories,"Wall decoration, set of 3",16
Wall accessories,"Wall decoration, set of 2",7
Wall accessories,Hanging tapestry,3
Wall lamps,LED picture light,15
Wall lamps,Wall lamp with LED bulb,3
Wall lamps,Wall lamp,1
Wall shelves & storage,Wall shelf,846
Wall shelves & storage,Wall shelf unit,272
Wall shelves & storage,Bracket,167
Wall shelves & storage,Shelf,135
Wall shelves & storage,Wall shelf combination,58
Wall shelves & storage,Shelf with drawers,37
Wall shelves & storage,Connecting bracket,12
Wall shelves & storage,Wall shelf with storage,11
Wall shelves & storage,Jointing bracket,9
Wall shelves & storage,Shelf with bracket,2
Wooden base mattresses,Supporting leg,17
